dataset,scenario,k,sampler,repeat,batch_seed,batch_size,selection_seed,spread_estimate,zero_fraction,loop_seconds,batch_seconds,protocol_version,status
Netscience,forwarding-heavy,10,Uniform root,0,5036235433277714955,20000,20260715,1.26965,0.6838,0.23989890000666492,0.2454252000025008,evidence-20260913-sampler,REAL_EXPERIMENT
Netscience,forwarding-heavy,10,Uniform root,1,3361822288677664243,20000,20260715,0.9854,0.6847,0.238666800003557,0.24427879999711877,evidence-20260913-sampler,REAL_EXPERIMENT
Netscience,forwarding-heavy,10,Uniform root,2,8284771067721792652,20000,20260715,1.53495,0.67985,0.26260289999481756,0.2680765999975847,evidence-20260913-sampler,REAL_EXPERIMENT
Netscience,forwarding-heavy,10,Uniform root,3,16348997115230352734,20000,20260715,1.53495,0.68455,0.2474750999972457,0.2553035999953863,evidence-20260913-sampler,REAL_EXPERIMENT
Netscience,forwarding-heavy,10,Uniform root,4,3521913565797381037,20000,20260715,1.26965,0.68805,0.25157019999460317,0.2570752000028733,evidence-20260913-sampler,REAL_EXPERIMENT
Netscience,forwarding-heavy,10,Uniform root,5,17391686967981562937,20000,20260715,1.38335,0.6785,0.245630200006417,0.2512510000015027,evidence-20260913-sampler,REAL_EXPERIMENT
Netscience,forwarding-heavy,10,Uniform root,6,15390787519090886603,20000,20260715,1.23175,0.68105,0.25587430000450695,0.26135729999805335,evidence-20260913-sampler,REAL_EXPERIMENT
Netscience,forwarding-heavy,10,Uniform root,7,13534830957612817827,20000,20260715,1.26965,0.6834,0.2364478000017698,0.2419919000021764,evidence-20260913-sampler,REAL_EXPERIMENT
Netscience,forwarding-heavy,10,Uniform root,8,6957274708984048080,20000,20260715,1.42125,0.68365,0.2464791999955196,0.2519603999971878,evidence-20260913-sampler,REAL_EXPERIMENT
Netscience,forwarding-heavy,10,Uniform root,9,16958163179484085087,20000,20260715,1.49705,0.6817,0.23915280000073835,0.24535009999817703,evidence-20260913-sampler,REAL_EXPERIMENT
Netscience,forwarding-heavy,10,Uniform root,10,17887114755280009353,20000,20260715,1.26965,0.68295,0.27021919999970123,0.27674690000276314,evidence-20260913-sampler,REAL_EXPERIMENT
Netscience,forwarding-heavy,10,Uniform root,11,702794506295548433,20000,20260715,1.3644,0.6855,0.26037779999751365,0.26998720000119647,evidence-20260913-sampler,REAL_EXPERIMENT
Netscience,forwarding-heavy,10,Uniform root,12,2719062031793876262,20000,20260715,1.08015,0.6865,0.2413522999995621,0.24705549999634968,evidence-20260913-sampler,REAL_EXPERIMENT
Netscience,forwarding-heavy,10,Uniform root,13,3734207594995007923,20000,20260715,1.08015,0.68755,0.2440816000016639,0.24962070000037784,evidence-20260913-sampler,REAL_EXPERIMENT
Netscience,forwarding-heavy,10,Uniform root,14,8659207591472786018,20000,20260715,1.2886,0.688,0.27001410000229953,0.27552550000109477,evidence-20260913-sampler,REAL_EXPERIMENT
Netscience,forwarding-heavy,10,Uniform root,15,5012480037325718415,20000,20260715,1.68655,0.68905,0.30375339999591233,0.3145702000038,evidence-20260913-sampler,REAL_EXPERIMENT
Netscience,forwarding-heavy,10,Uniform root,16,14259725813426282551,20000,20260715,1.2128,0.68515,0.2979623999999603,0.3084632000027341,evidence-20260913-sampler,REAL_EXPERIMENT
Netscience,forwarding-heavy,10,Uniform root,17,15681461167539969978,20000,20260715,1.5539,0.6809,0.25713550000364194,0.2628337000060128,evidence-20260913-sampler,REAL_EXPERIMENT
Netscience,forwarding-heavy,10,Uniform root,18,15800571669468297253,20000,20260715,1.4402,0.68785,0.24432039999373956,0.24977580000268063,evidence-20260913-sampler,REAL_EXPERIMENT
Netscience,forwarding-heavy,10,Uniform root,19,3355930399425558584,20000,20260715,1.137,0.68325,0.27221609999833163,0.27771260000008624,evidence-20260913-sampler,REAL_EXPERIMENT
Netscience,forwarding-heavy,10,Uniform root,20,6462643195402040623,20000,20260715,1.38335,0.6868,0.2515692999950261,0.2576606000002357,evidence-20260913-sampler,REAL_EXPERIMENT
Netscience,forwarding-heavy,10,Uniform root,21,2252947216428619395,20000,20260715,1.4402,0.68465,0.2716186999969068,0.27983400000084657,evidence-20260913-sampler,REAL_EXPERIMENT
Netscience,forwarding-heavy,10,Uniform root,22,9637483415336883047,20000,20260715,1.5539,0.6829,0.2544095000048401,0.26040459999785526,evidence-20260913-sampler,REAL_EXPERIMENT
Netscience,forwarding-heavy,10,Uniform root,23,16729000804945298403,20000,20260715,1.23175,0.6872,0.23578790000465233,0.24129839999659453,evidence-20260913-sampler,REAL_EXPERIMENT
Netscience,forwarding-heavy,10,Uniform root,24,3501941291072656676,20000,20260715,1.4402,0.68075,0.2495280000002822,0.25520040000265,evidence-20260913-sampler,REAL_EXPERIMENT
Netscience,forwarding-heavy,10,Uniform root,25,6793970026261320021,20000,20260715,1.137,0.6851,0.24516059999587014,0.2550319000001764,evidence-20260913-sampler,REAL_EXPERIMENT
Netscience,forwarding-heavy,10,Uniform root,26,15044331756050545726,20000,20260715,1.19385,0.68685,0.2856926000022213,0.2951165000049514,evidence-20260913-sampler,REAL_EXPERIMENT
Netscience,forwarding-heavy,10,Uniform root,27,4738121030846478114,20000,20260715,1.26965,0.68095,0.2357239999982994,0.24119879999489058,evidence-20260913-sampler,REAL_EXPERIMENT
Netscience,forwarding-heavy,10,Uniform root,28,1381269291937810857,20000,20260715,1.30755,0.68435,0.24253799999860348,0.24858649999805493,evidence-20260913-sampler,REAL_EXPERIMENT
Netscience,forwarding-heavy,10,Uniform root,29,4305702873736367716,20000,20260715,1.0991,0.684,0.2637498999974923,0.27399400000285823,evidence-20260913-sampler,REAL_EXPERIMENT
Netscience,forwarding-heavy,10,Conditioned root,0,2061526221842532278,20000,20260715,1.3316296713451985,0.0,0.4117995999986306,0.4184378999998444,evidence-20260913-sampler,REAL_EXPERIMENT
Netscience,forwarding-heavy,10,Conditioned root,1,4618322015468909646,20000,20260715,1.4570297749247911,0.0,0.41847689999849536,0.4253469000032055,evidence-20260913-sampler,REAL_EXPERIMENT
Netscience,forwarding-heavy,10,Conditioned root,2,18209198099156884276,20000,20260715,1.224143868276976,0.0,0.45529890000034356,0.4619285000007949,evidence-20260913-sampler,REAL_EXPERIMENT
Netscience,forwarding-heavy,10,Conditioned root,3,4560102869778969328,20000,20260715,1.3196868043376182,0.0,0.41614359999948647,0.42293359999894165,evidence-20260913-sampler,REAL_EXPERIMENT
Netscience,forwarding-heavy,10,Conditioned root,4,2160557633903517393,20000,20260715,1.4331440409096308,0.0,0.4210062999991351,0.42768050000449875,evidence-20260913-sampler,REAL_EXPERIMENT
Netscience,forwarding-heavy,10,Conditioned root,5,3126039085479778997,20000,20260715,1.2480296022921367,0.0,0.4148981000034837,0.4222410000002128,evidence-20260913-sampler,REAL_EXPERIMENT
Netscience,forwarding-heavy,10,Conditioned root,6,9095072800295484774,20000,20260715,1.3794011393755197,0.0,0.4087502999973367,0.41541870000219205,evidence-20260913-sampler,REAL_EXPERIMENT
Netscience,forwarding-heavy,10,Conditioned root,7,9677313966029082918,20000,20260715,1.349543971856569,0.0,0.4002013999997871,0.40716019999672426,evidence-20260913-sampler,REAL_EXPERIMENT
Netscience,forwarding-heavy,10,Conditioned root,8,14459194057950351005,20000,20260715,1.307743937330038,0.0,0.4201337999984389,0.4268353000006755,evidence-20260913-sampler,REAL_EXPERIMENT
Netscience,forwarding-heavy,10,Conditioned root,9,1043946139117463956,20000,20260715,1.5346584104740628,0.0,0.398905800000648,0.4055627999987337,evidence-20260913-sampler,REAL_EXPERIMENT
Netscience,forwarding-heavy,10,Conditioned root,10,2928943832017287102,20000,20260715,1.4570297749247911,0.0,0.39953289999539265,0.40618389999872306,evidence-20260913-sampler,REAL_EXPERIMENT
Netscience,forwarding-heavy,10,Conditioned root,11,10715144751404641094,20000,20260715,1.2301153017807662,0.0,0.45795030000590486,0.4645312000066042,evidence-20260913-sampler,REAL_EXPERIMENT
Netscience,forwarding-heavy,10,Conditioned root,12,8635256776167228590,20000,20260715,1.3435725383527788,0.0,0.4515162000025157,0.4581376000060118,evidence-20260913-sampler,REAL_EXPERIMENT
Netscience,forwarding-heavy,10,Conditioned root,13,7137942541736098808,20000,20260715,1.158458099735285,0.0,0.4237437000047066,0.4307316999984323,evidence-20260913-sampler,REAL_EXPERIMENT
Netscience,forwarding-heavy,10,Conditioned root,14,8384467763859212196,20000,20260715,1.6361727800384949,0.0,0.4231755000000703,0.42991320000146516,evidence-20260913-sampler,REAL_EXPERIMENT
Netscience,forwarding-heavy,10,Conditioned root,15,13626336268463481634,20000,20260715,1.498829809451322,0.0,0.4258394999997108,0.4324116999996477,evidence-20260913-sampler,REAL_EXPERIMENT
Netscience,forwarding-heavy,10,Conditioned root,16,11601022159543676631,20000,20260715,1.158458099735285,0.0,0.40335459999914747,0.41037629999482306,evidence-20260913-sampler,REAL_EXPERIMENT
Netscience,forwarding-heavy,10,Conditioned root,17,11801456861125757235,20000,20260715,1.1942867007580256,0.0,0.4059703000020818,0.412622800002282,evidence-20260913-sampler,REAL_EXPERIMENT
Netscience,forwarding-heavy,10,Conditioned root,18,16399461337056120071,20000,20260715,1.5167441099626926,0.0,0.46038509999925736,0.46704289999615867,evidence-20260913-sampler,REAL_EXPERIMENT
Netscience,forwarding-heavy,10,Conditioned root,19,5263470339245985610,20000,20260715,1.5107726764589025,0.0,0.4018981999979587,0.4085406999947736,evidence-20260913-sampler,REAL_EXPERIMENT
Netscience,forwarding-heavy,10,Conditioned root,20,17744689338633418161,20000,20260715,1.3196868043376182,0.0,0.4259352000008221,0.43290080000588205,evidence-20260913-sampler,REAL_EXPERIMENT
Netscience,forwarding-heavy,10,Conditioned root,21,3682134538370217671,20000,20260715,1.5167441099626926,0.0,0.4395946999939042,0.4461742000057711,evidence-20260913-sampler,REAL_EXPERIMENT
Netscience,forwarding-heavy,10,Conditioned root,22,4473183709128548148,20000,20260715,1.4331440409096308,0.0,0.4257811999996193,0.4327370999963023,evidence-20260913-sampler,REAL_EXPERIMENT
Netscience,forwarding-heavy,10,Conditioned root,23,12312690285407478962,20000,20260715,1.4152297403982603,0.0,0.47061050000047544,0.4792161000004853,evidence-20260913-sampler,REAL_EXPERIMENT
Netscience,forwarding-heavy,10,Conditioned root,24,751922155091584519,20000,20260715,1.313715370833828,0.0,0.4239910000032978,0.4324371999973664,evidence-20260913-sampler,REAL_EXPERIMENT
Netscience,forwarding-heavy,10,Conditioned root,25,2697057018158987773,20000,20260715,1.4331440409096308,0.0,0.4762962000022526,0.483299800005625,evidence-20260913-sampler,REAL_EXPERIMENT
Netscience,forwarding-heavy,10,Conditioned root,26,12454359439467070726,20000,20260715,1.3196868043376182,0.0,0.41789860000426415,0.4247100000065984,evidence-20260913-sampler,REAL_EXPERIMENT
Netscience,forwarding-heavy,10,Conditioned root,27,5187101152544314998,20000,20260715,1.2480296022921367,0.0,0.5144228999997722,0.5228521000026376,evidence-20260913-sampler,REAL_EXPERIMENT
Netscience,forwarding-heavy,10,Conditioned root,28,14235492537264178770,20000,20260715,1.3853725728793096,0.0,0.4199573999940185,0.42656069999793544,evidence-20260913-sampler,REAL_EXPERIMENT
Netscience,forwarding-heavy,10,Conditioned root,29,5015202727108322063,20000,20260715,1.3794011393755197,0.0,0.4646001000000979,0.4712151999992784,evidence-20260913-sampler,REAL_EXPERIMENT
Netscience,forwarding-heavy,50,Uniform root,0,12909879040414418056,20000,20260715,6.23455,0.1563,0.8481866999936756,0.8575608000028296,evidence-20260913-sampler,REAL_EXPERIMENT
Netscience,forwarding-heavy,50,Uniform root,1,17834191432191820374,20000,20260715,6.76515,0.1599,0.6968619000035687,0.7025544999996782,evidence-20260913-sampler,REAL_EXPERIMENT
Netscience,forwarding-heavy,50,Uniform root,2,15324734399881314999,20000,20260715,6.3672,0.15605,0.6674084000042058,0.673105800000485,evidence-20260913-sampler,REAL_EXPERIMENT
Netscience,forwarding-heavy,50,Uniform root,3,17337592810723942256,20000,20260715,6.23455,0.16055,0.6980398000014247,0.7067749999987427,evidence-20260913-sampler,REAL_EXPERIMENT
Netscience,forwarding-heavy,50,Uniform root,4,4903502566671862866,20000,20260715,6.15875,0.1557,0.6446189999987837,0.6502378000004683,evidence-20260913-sampler,REAL_EXPERIMENT
Netscience,forwarding-heavy,50,Uniform root,5,16250739358148736055,20000,20260715,6.2535,0.16225,0.6913401999991038,0.6969811000017216,evidence-20260913-sampler,REAL_EXPERIMENT
Netscience,forwarding-heavy,50,Uniform root,6,4712258974206740870,20000,20260715,6.5946,0.16045,0.8985869000025559,0.9041666999983136,evidence-20260913-sampler,REAL_EXPERIMENT
Netscience,forwarding-heavy,50,Uniform root,7,13889763845984252484,20000,20260715,6.5567,0.15975,0.7191049999964889,0.7252501000039047,evidence-20260913-sampler,REAL_EXPERIMENT
Netscience,forwarding-heavy,50,Uniform root,8,16202231947965850863,20000,20260715,7.0115,0.16045,0.6901600999990478,0.6957886000018334,evidence-20260913-sampler,REAL_EXPERIMENT
Netscience,forwarding-heavy,50,Uniform root,9,12223984473359436156,20000,20260715,6.87885,0.1647,0.6734269000007771,0.6790005999937421,evidence-20260913-sampler,REAL_EXPERIMENT
Netscience,forwarding-heavy,50,Uniform root,10,5821142887027872774,20000,20260715,6.443,0.1628,0.7750126999962959,0.780700600000273,evidence-20260913-sampler,REAL_EXPERIMENT
Netscience,forwarding-heavy,50,Uniform root,11,1107506300994749325,20000,20260715,6.34825,0.16275,0.7249168000053032,0.735549599994556,evidence-20260913-sampler,REAL_EXPERIMENT
Netscience,forwarding-heavy,50,Uniform root,12,7299273600397638036,20000,20260715,6.822,0.1591,0.7131464999984019,0.7246452999970643,evidence-20260913-sampler,REAL_EXPERIMENT
Netscience,forwarding-heavy,50,Uniform root,13,4763141482379602373,20000,20260715,6.57565,0.15995,0.7441737000044668,0.7498103999969317,evidence-20260913-sampler,REAL_EXPERIMENT
Netscience,forwarding-heavy,50,Uniform root,14,13412259223026920040,20000,20260715,6.7083,0.1632,0.660914899999625,0.6666581999961636,evidence-20260913-sampler,REAL_EXPERIMENT
Netscience,forwarding-heavy,50,Uniform root,15,17983042511951882085,20000,20260715,6.9736,0.1629,0.6596082000032766,0.6658247000013944,evidence-20260913-sampler,REAL_EXPERIMENT
Netscience,forwarding-heavy,50,Uniform root,16,13866569834213979709,20000,20260715,6.8599,0.1622,0.7102623000027961,0.7209559000039008,evidence-20260913-sampler,REAL_EXPERIMENT
Netscience,forwarding-heavy,50,Uniform root,17,16359016366404652647,20000,20260715,6.46195,0.16075,0.6592544000013731,0.6649466999951983,evidence-20260913-sampler,REAL_EXPERIMENT
Netscience,forwarding-heavy,50,Uniform root,18,1292601313284402085,20000,20260715,6.8978,0.1585,0.7964670000001206,0.8020659999965574,evidence-20260913-sampler,REAL_EXPERIMENT
Netscience,forwarding-heavy,50,Uniform root,19,10204543178394067016,20000,20260715,6.8978,0.1659,0.7303258000029018,0.7366762000019662,evidence-20260913-sampler,REAL_EXPERIMENT
Netscience,forwarding-heavy,50,Uniform root,20,2030141361132189610,20000,20260715,6.68935,0.16095,0.6759838999932981,0.6846550999980536,evidence-20260913-sampler,REAL_EXPERIMENT
Netscience,forwarding-heavy,50,Uniform root,21,2425434422214288150,20000,20260715,5.7987,0.16005,0.7147540999940247,0.7203439000004437,evidence-20260913-sampler,REAL_EXPERIMENT
Netscience,forwarding-heavy,50,Uniform root,22,4111842457474062222,20000,20260715,7.0873,0.16415,0.8105429999995977,0.816164399999252,evidence-20260913-sampler,REAL_EXPERIMENT
Netscience,forwarding-heavy,50,Uniform root,23,9691900378882850267,20000,20260715,5.7608,0.162,0.6783394999947632,0.6870911000005435,evidence-20260913-sampler,REAL_EXPERIMENT
Netscience,forwarding-heavy,50,Uniform root,24,14436860815746790010,20000,20260715,6.31035,0.15915,0.7556067999976221,0.7612127999964287,evidence-20260913-sampler,REAL_EXPERIMENT
Netscience,forwarding-heavy,50,Uniform root,25,12157126394563976152,20000,20260715,6.2156,0.1615,0.7057707999992999,0.7113491000054637,evidence-20260913-sampler,REAL_EXPERIMENT
Netscience,forwarding-heavy,50,Uniform root,26,6282080507249736603,20000,20260715,6.42405,0.1616,0.7325732999961474,0.7386724000025424,evidence-20260913-sampler,REAL_EXPERIMENT
Netscience,forwarding-heavy,50,Uniform root,27,18203165531952787558,20000,20260715,6.76515,0.1632,0.7780561999970814,0.787712700002885,evidence-20260913-sampler,REAL_EXPERIMENT
Netscience,forwarding-heavy,50,Uniform root,28,4159159187345631291,20000,20260715,6.6325,0.1615,0.6615556999968248,0.6671623000002,evidence-20260913-sampler,REAL_EXPERIMENT
Netscience,forwarding-heavy,50,Uniform root,29,14491230464230960439,20000,20260715,6.6704,0.16285,0.725762100002612,0.7313998999961768,evidence-20260913-sampler,REAL_EXPERIMENT
Netscience,forwarding-heavy,50,Conditioned root,0,1402731943935822140,20000,20260715,6.615751544460002,0.0,0.805820000001404,0.8135526000041864,evidence-20260913-sampler,REAL_EXPERIMENT
Netscience,forwarding-heavy,50,Conditioned root,1,5454191070200817386,20000,20260715,6.3453963130758195,0.0,0.744086700004118,0.7523451000015484,evidence-20260913-sampler,REAL_EXPERIMENT
Netscience,forwarding-heavy,50,Conditioned root,2,12320665421267760450,20000,20260715,6.679364540079809,0.0,0.6918870999943465,0.6985547000003862,evidence-20260913-sampler,REAL_EXPERIMENT
Netscience,forwarding-heavy,50,Conditioned root,3,2805988253618413029,20000,20260715,6.83839702912933,0.0,0.7973408999969251,0.8043581000019913,evidence-20260913-sampler,REAL_EXPERIMENT
Netscience,forwarding-heavy,50,Conditioned root,4,15425300514046328399,20000,20260715,6.83839702912933,0.0,0.68211799999699,0.6902965999979642,evidence-20260913-sampler,REAL_EXPERIMENT
Netscience,forwarding-heavy,50,Conditioned root,5,5122295745571503671,20000,20260715,7.029236015988753,0.0,0.7149736999999732,0.7216694000017014,evidence-20260913-sampler,REAL_EXPERIMENT
Netscience,forwarding-heavy,50,Conditioned root,6,4120883616416152534,20000,20260715,6.234073570741156,0.0,0.7480641000001924,0.7546932999975979,evidence-20260913-sampler,REAL_EXPERIMENT
Netscience,forwarding-heavy,50,Conditioned root,7,7686862256015595319,20000,20260715,6.297686566360963,0.0,0.7601149000038276,0.768032799998764,evidence-20260913-sampler,REAL_EXPERIMENT
Netscience,forwarding-heavy,50,Conditioned root,8,5834553564388298750,20000,20260715,6.790687282414474,0.0,0.8041273999988334,0.8107826999985264,evidence-20260913-sampler,REAL_EXPERIMENT
Netscience,forwarding-heavy,50,Conditioned root,9,3926450348609497403,20000,20260715,6.663461291174858,0.0,0.6720726999992621,0.6790273000005982,evidence-20260913-sampler,REAL_EXPERIMENT
Netscience,forwarding-heavy,50,Conditioned root,10,11990642610422508608,20000,20260715,6.202267072931252,0.0,0.7905473000064376,0.7971722999936901,evidence-20260913-sampler,REAL_EXPERIMENT
Netscience,forwarding-heavy,50,Conditioned root,11,7446798298838454498,20000,20260715,6.361299561980771,0.0,0.7390156000037678,0.7474082000044291,evidence-20260913-sampler,REAL_EXPERIMENT
Netscience,forwarding-heavy,50,Conditioned root,12,11369560691053150408,20000,20260715,6.122750828406493,0.0,0.7152083999972092,0.7219301999939489,evidence-20260913-sampler,REAL_EXPERIMENT
Netscience,forwarding-heavy,50,Conditioned root,13,2780976307465971872,20000,20260715,6.4090093086956275,0.0,0.7172560000035446,0.7239487000042573,evidence-20260913-sampler,REAL_EXPERIMENT
Netscience,forwarding-heavy,50,Conditioned root,14,8928048083609929973,20000,20260715,6.361299561980771,0.0,0.6955588000055286,0.7023459000047296,evidence-20260913-sampler,REAL_EXPERIMENT
Netscience,forwarding-heavy,50,Conditioned root,15,11618875571716420486,20000,20260715,6.965623020368944,0.0,0.6854214999984833,0.692228799998702,evidence-20260913-sampler,REAL_EXPERIMENT
Netscience,forwarding-heavy,50,Conditioned root,16,323560478181664393,20000,20260715,6.5044288021253385,0.0,0.7491871000020183,0.755868799999007,evidence-20260913-sampler,REAL_EXPERIMENT
Netscience,forwarding-heavy,50,Conditioned root,17,9663709578219966750,20000,20260715,6.4408158065055305,0.0,0.713538799995149,0.7214987000043038,evidence-20260913-sampler,REAL_EXPERIMENT
Netscience,forwarding-heavy,50,Conditioned root,18,17309899986630880014,20000,20260715,6.583945046650099,0.0,0.6678239000029862,0.6746582999985549,evidence-20260913-sampler,REAL_EXPERIMENT
Netscience,forwarding-heavy,50,Conditioned root,19,14307918036754190272,20000,20260715,6.393106059790676,0.0,0.6707585000040126,0.6777132999995956,evidence-20260913-sampler,REAL_EXPERIMENT
Netscience,forwarding-heavy,50,Conditioned root,20,15309001467235787243,20000,20260715,6.424912557600579,0.0,0.6515792999998666,0.6582355999998981,evidence-20260913-sampler,REAL_EXPERIMENT
Netscience,forwarding-heavy,50,Conditioned root,21,15271521754336965547,20000,20260715,6.552138548840195,0.0,0.6745930000033695,0.6817262999975355,evidence-20260913-sampler,REAL_EXPERIMENT
Netscience,forwarding-heavy,50,Conditioned root,22,2475562496738291179,20000,20260715,7.029236015988753,0.0,0.7126085000054445,0.7195658999989973,evidence-20260913-sampler,REAL_EXPERIMENT
Netscience,forwarding-heavy,50,Conditioned root,23,13214620788942105489,20000,20260715,7.108752260513512,0.0,0.6921679000006407,0.699861699999019,evidence-20260913-sampler,REAL_EXPERIMENT
Netscience,forwarding-heavy,50,Conditioned root,24,10503663882128795628,20000,20260715,6.917913273654089,0.0,0.6852417999980389,0.6918272999973851,evidence-20260913-sampler,REAL_EXPERIMENT
Netscience,forwarding-heavy,50,Conditioned root,25,18374837730845855018,20000,20260715,7.172365256133319,0.0,0.7128426000053878,0.7194994000019506,evidence-20260913-sampler,REAL_EXPERIMENT
Netscience,forwarding-heavy,50,Conditioned root,26,16201790387104636845,20000,20260715,6.5044288021253385,0.0,0.6945730000006733,0.7012727999972412,evidence-20260913-sampler,REAL_EXPERIMENT
Netscience,forwarding-heavy,50,Conditioned root,27,9900278699778043505,20000,20260715,6.361299561980771,0.0,0.6837538000036147,0.6908153000040329,evidence-20260913-sampler,REAL_EXPERIMENT
Netscience,forwarding-heavy,50,Conditioned root,28,10990435284491891297,20000,20260715,6.631654793364955,0.0,0.6883130000060191,0.694953300000634,evidence-20260913-sampler,REAL_EXPERIMENT
Netscience,forwarding-heavy,50,Conditioned root,29,9893243089821871033,20000,20260715,6.568041797745146,0.0,0.7948333999956958,0.8026672999985749,evidence-20260913-sampler,REAL_EXPERIMENT
Netscience,forwarding-heavy,200,Uniform root,0,2176840920724482327,20000,20260715,23.9907,0.00235,2.3839680000019143,2.3896803999959957,evidence-20260913-sampler,REAL_EXPERIMENT
Netscience,forwarding-heavy,200,Uniform root,1,2855390902870362316,20000,20260715,25.98045,0.0027,2.3945301999992807,2.4001232999944477,evidence-20260913-sampler,REAL_EXPERIMENT
Netscience,forwarding-heavy,200,Uniform root,2,1640817243371977410,20000,20260715,25.2793,0.002,2.280508000003465,2.2861296999981278,evidence-20260913-sampler,REAL_EXPERIMENT
Netscience,forwarding-heavy,200,Uniform root,3,5918417688208008561,20000,20260715,23.21375,0.00245,2.308831399997871,2.3144701000055647,evidence-20260913-sampler,REAL_EXPERIMENT
Netscience,forwarding-heavy,200,Uniform root,4,7759683043159613165,20000,20260715,24.46445,0.00195,2.3686616999984835,2.377988299995195,evidence-20260913-sampler,REAL_EXPERIMENT
Netscience,forwarding-heavy,200,Uniform root,5,16160199841120067147,20000,20260715,23.9907,0.00215,2.2134540999977617,2.2190468000044348,evidence-20260913-sampler,REAL_EXPERIMENT
Netscience,forwarding-heavy,200,Uniform root,6,8490991843348881114,20000,20260715,25.79095,0.00195,2.3258180000048014,2.3315891999955056,evidence-20260913-sampler,REAL_EXPERIMENT
Netscience,forwarding-heavy,200,Uniform root,7,8088541956196047712,20000,20260715,24.08545,0.0024,2.3638415000023087,2.36965240000427,evidence-20260913-sampler,REAL_EXPERIMENT
Netscience,forwarding-heavy,200,Uniform root,8,17298608466001001007,20000,20260715,25.26035,0.00265,2.3275070000017877,2.3337434999994002,evidence-20260913-sampler,REAL_EXPERIMENT
Netscience,forwarding-heavy,200,Uniform root,9,14427075713549907726,20000,20260715,24.42655,0.00245,2.4278156999935163,2.4334562000003643,evidence-20260913-sampler,REAL_EXPERIMENT
Netscience,forwarding-heavy,200,Uniform root,10,608090357563318,20000,20260715,24.8245,0.0019,2.4337670000022626,2.4430017999984557,evidence-20260913-sampler,REAL_EXPERIMENT
Netscience,forwarding-heavy,200,Uniform root,11,1942884606768588732,20000,20260715,24.2181,0.0023,2.3172123999975156,2.323383899994951,evidence-20260913-sampler,REAL_EXPERIMENT
Netscience,forwarding-heavy,200,Uniform root,12,10445265053631267899,20000,20260715,25.2035,0.0018,2.2742725999996765,2.2802194000032614,evidence-20260913-sampler,REAL_EXPERIMENT
Netscience,forwarding-heavy,200,Uniform root,13,4375662255308382565,20000,20260715,24.8245,0.00215,2.3192190999980085,2.3248786000040127,evidence-20260913-sampler,REAL_EXPERIMENT
Netscience,forwarding-heavy,200,Uniform root,14,5914137527775930778,20000,20260715,24.72975,0.00255,2.3504764000026626,2.356100700002571,evidence-20260913-sampler,REAL_EXPERIMENT
Netscience,forwarding-heavy,200,Uniform root,15,14297619434360859830,20000,20260715,24.7487,0.00195,2.32402379999985,2.334555100002035,evidence-20260913-sampler,REAL_EXPERIMENT
Netscience,forwarding-heavy,200,Uniform root,16,17374379245236645193,20000,20260715,24.23705,0.00195,2.2840641000002506,2.2896566999988863,evidence-20260913-sampler,REAL_EXPERIMENT
Netscience,forwarding-heavy,200,Uniform root,17,13910157838169134519,20000,20260715,25.03295,0.00255,2.4798291999977664,2.485583800000313,evidence-20260913-sampler,REAL_EXPERIMENT
Netscience,forwarding-heavy,200,Uniform root,18,12456981578147966493,20000,20260715,24.5592,0.0024,2.440287699995679,2.445945600004052,evidence-20260913-sampler,REAL_EXPERIMENT
Netscience,forwarding-heavy,200,Uniform root,19,9714473292230525582,20000,20260715,23.97175,0.00185,2.277655700003379,2.2833552999945823,evidence-20260913-sampler,REAL_EXPERIMENT
Netscience,forwarding-heavy,200,Uniform root,20,13091834117528754918,20000,20260715,23.51695,0.0023,2.4570584000030067,2.4632581999976537,evidence-20260913-sampler,REAL_EXPERIMENT
Netscience,forwarding-heavy,200,Uniform root,21,13070950184639583076,20000,20260715,23.93385,0.0023,2.2110401000027196,2.2169562999988557,evidence-20260913-sampler,REAL_EXPERIMENT
Netscience,forwarding-heavy,200,Uniform root,22,11853374518926047547,20000,20260715,25.0898,0.00205,2.3791066000048886,2.385863399998925,evidence-20260913-sampler,REAL_EXPERIMENT
Netscience,forwarding-heavy,200,Uniform root,23,3061216611856288119,20000,20260715,25.63935,0.00235,2.620831599997473,2.626875599999039,evidence-20260913-sampler,REAL_EXPERIMENT
Netscience,forwarding-heavy,200,Uniform root,24,2210311932511819882,20000,20260715,23.85805,0.0029,2.334980599996925,2.343652399998973,evidence-20260913-sampler,REAL_EXPERIMENT
Netscience,forwarding-heavy,200,Uniform root,25,2032069287185753794,20000,20260715,25.71515,0.00225,2.3845625999965705,2.3901698000045144,evidence-20260913-sampler,REAL_EXPERIMENT
Netscience,forwarding-heavy,200,Uniform root,26,969845026363581433,20000,20260715,24.27495,0.00285,2.451422600002843,2.4571636999971815,evidence-20260913-sampler,REAL_EXPERIMENT
Netscience,forwarding-heavy,200,Uniform root,27,15933675545960250265,20000,20260715,24.54025,0.002,2.341464500001166,2.3476616999978432,evidence-20260913-sampler,REAL_EXPERIMENT
Netscience,forwarding-heavy,200,Uniform root,28,17289259024368527794,20000,20260715,24.1044,0.0016,2.31231359999947,2.3198389999961364,evidence-20260913-sampler,REAL_EXPERIMENT
Netscience,forwarding-heavy,200,Uniform root,29,9837636833224127945,20000,20260715,25.52565,0.0025,2.3382692000013776,2.344296499999473,evidence-20260913-sampler,REAL_EXPERIMENT
Netscience,forwarding-heavy,200,Conditioned root,0,8708040246419273439,20000,20260715,25.69523400419889,0.0,2.1456715000022086,2.1523878000007244,evidence-20260913-sampler,REAL_EXPERIMENT
Netscience,forwarding-heavy,200,Conditioned root,1,8652771529445519209,20000,20260715,25.31708486506425,0.0,1.9759468999982346,1.9836083999980474,evidence-20260913-sampler,REAL_EXPERIMENT
Netscience,forwarding-heavy,200,Conditioned root,2,12792505284546697694,20000,20260715,23.917933050266075,0.0,1.9775659000006272,1.9848094999979367,evidence-20260913-sampler,REAL_EXPERIMENT
Netscience,forwarding-heavy,200,Conditioned root,3,11887680081231773161,20000,20260715,25.109102838540196,0.0,2.112680199999886,2.119438399997307,evidence-20260913-sampler,REAL_EXPERIMENT
Netscience,forwarding-heavy,200,Conditioned root,4,16961354036436474484,20000,20260715,24.995658096799804,0.0,2.085140199997113,2.0917722000012873,evidence-20260913-sampler,REAL_EXPERIMENT
Netscience,forwarding-heavy,200,Conditioned root,5,7435539643320969100,20000,20260715,25.109102838540196,0.0,1.9824102999991737,1.9889758999997866,evidence-20260913-sampler,REAL_EXPERIMENT
Netscience,forwarding-heavy,200,Conditioned root,6,14329726340656470640,20000,20260715,25.75195637506909,0.0,1.975244000001112,1.9840024000004632,evidence-20260913-sampler,REAL_EXPERIMENT
Netscience,forwarding-heavy,200,Conditioned root,7,8142145716291849706,20000,20260715,25.03347301071327,0.0,1.970046700000239,1.978277000001981,evidence-20260913-sampler,REAL_EXPERIMENT
Netscience,forwarding-heavy,200,Conditioned root,8,16984302148235032532,20000,20260715,25.714141461155624,0.0,1.9149732000005315,1.9232694999955129,evidence-20260913-sampler,REAL_EXPERIMENT
Netscience,forwarding-heavy,200,Conditioned root,9,8881461304111316051,20000,20260715,23.88011813635261,0.0,1.947366599997622,1.9549850999974296,evidence-20260913-sampler,REAL_EXPERIMENT
Netscience,forwarding-heavy,200,Conditioned root,10,5636197267183433769,20000,20260715,25.22254758028059,0.0,2.114489700004924,2.121182000002591,evidence-20260913-sampler,REAL_EXPERIMENT
Netscience,forwarding-heavy,200,Conditioned root,11,4528833623807744236,20000,20260715,24.522971672881503,0.0,1.9679369999939809,1.9745337999993353,evidence-20260913-sampler,REAL_EXPERIMENT
Netscience,forwarding-heavy,200,Conditioned root,12,7273255829766877570,20000,20260715,24.655323871578627,0.0,2.0911762999967323,2.09815329999401,evidence-20260913-sampler,REAL_EXPERIMENT
Netscience,forwarding-heavy,200,Conditioned root,13,8937542730163398741,20000,20260715,23.76667339461222,0.0,1.9708692999993218,1.977836500002013,evidence-20260913-sampler,REAL_EXPERIMENT
Netscience,forwarding-heavy,200,Conditioned root,14,16275504679357485175,20000,20260715,24.50406421592477,0.0,2.0280402999997023,2.0349929000003613,evidence-20260913-sampler,REAL_EXPERIMENT
Netscience,forwarding-heavy,200,Conditioned root,15,2162885361362990963,20000,20260715,24.882213355059413,0.0,2.0031445999993593,2.0098703000039677,evidence-20260913-sampler,REAL_EXPERIMENT
Netscience,forwarding-heavy,200,Conditioned root,16,6143158413348126342,20000,20260715,24.920028268972878,0.0,2.3287410999982967,2.3353656999970553,evidence-20260913-sampler,REAL_EXPERIMENT
Netscience,forwarding-heavy,200,Conditioned root,17,1489285551393362635,20000,20260715,25.354899778977714,0.0,1.8674197000000277,1.8740983999960008,evidence-20260913-sampler,REAL_EXPERIMENT
Netscience,forwarding-heavy,200,Conditioned root,18,210446533264717422,20000,20260715,24.86330589810268,0.0,1.9277734999996028,1.9344992999976967,evidence-20260913-sampler,REAL_EXPERIMENT
Netscience,forwarding-heavy,200,Conditioned root,19,10580060434469798799,20000,20260715,24.0502852489632,0.0,2.0828595999992103,2.0913620999999694,evidence-20260913-sampler,REAL_EXPERIMENT
Netscience,forwarding-heavy,200,Conditioned root,20,755771773244536535,20000,20260715,24.163729990703594,0.0,1.877781999995932,1.8847158000062336,evidence-20260913-sampler,REAL_EXPERIMENT
Netscience,forwarding-heavy,200,Conditioned root,21,7498126831019329397,20000,20260715,25.373807235934446,0.0,2.0433275000032154,2.0499630000049365,evidence-20260913-sampler,REAL_EXPERIMENT
Netscience,forwarding-heavy,200,Conditioned root,22,621851966690191662,20000,20260715,24.976750639843072,0.0,2.0814989999998943,2.0905728999932762,evidence-20260913-sampler,REAL_EXPERIMENT
Netscience,forwarding-heavy,200,Conditioned root,23,10869046262178648031,20000,20260715,23.388524255477577,0.0,2.112845499999821,2.1211437999954796,evidence-20260913-sampler,REAL_EXPERIMENT
Netscience,forwarding-heavy,200,Conditioned root,24,12958597223225817793,20000,20260715,24.78767607027575,0.0,2.296372299999348,2.303062499995576,evidence-20260913-sampler,REAL_EXPERIMENT
Netscience,forwarding-heavy,200,Conditioned root,25,11229914374281356477,20000,20260715,25.165825209410393,0.0,2.3067916999934823,2.315486999999848,evidence-20260913-sampler,REAL_EXPERIMENT
Netscience,forwarding-heavy,200,Conditioned root,26,12632922769037927060,20000,20260715,25.600696719415232,0.0,2.2061805999983335,2.214567699993495,evidence-20260913-sampler,REAL_EXPERIMENT
Netscience,forwarding-heavy,200,Conditioned root,27,609633453970088440,20000,20260715,25.05238046767,0.0,2.1623455000008107,2.169037200001185,evidence-20260913-sampler,REAL_EXPERIMENT
Netscience,forwarding-heavy,200,Conditioned root,28,10215384973445535974,20000,20260715,25.014565553756537,0.0,1.9890088999964064,1.9957409999988158,evidence-20260913-sampler,REAL_EXPERIMENT
Netscience,forwarding-heavy,200,Conditioned root,29,5917527759449566499,20000,20260715,23.823395765482417,0.0,1.9086458000019775,1.9152797999995528,evidence-20260913-sampler,REAL_EXPERIMENT
EmailEnron,forwarding-heavy,10,Uniform root,0,6699502279790057626,20000,20260715,1.6848,0.60655,0.5529402999964077,0.5594542999970145,evidence-20260913-sampler,REAL_EXPERIMENT
EmailEnron,forwarding-heavy,10,Uniform root,1,11589127607146080156,20000,20260715,3.3696,0.60885,0.5141479000012623,0.520539799996186,evidence-20260913-sampler,REAL_EXPERIMENT
EmailEnron,forwarding-heavy,10,Uniform root,2,12676291445940497846,20000,20260715,0.0,0.60975,0.5084368000025279,0.5146139999997104,evidence-20260913-sampler,REAL_EXPERIMENT
EmailEnron,forwarding-heavy,10,Uniform root,3,9006514736455903207,20000,20260715,5.0544,0.6141,0.6355947999982163,0.6450923000011244,evidence-20260913-sampler,REAL_EXPERIMENT
EmailEnron,forwarding-heavy,10,Uniform root,4,12102926795056742654,20000,20260715,0.0,0.61125,0.6165755999973044,0.6245219000047655,evidence-20260913-sampler,REAL_EXPERIMENT
EmailEnron,forwarding-heavy,10,Uniform root,5,921652295618270978,20000,20260715,1.6848,0.6155,0.5184952999989036,0.5257096999994246,evidence-20260913-sampler,REAL_EXPERIMENT
EmailEnron,forwarding-heavy,10,Uniform root,6,12213419799048129923,20000,20260715,0.0,0.6065,0.5063535000008414,0.5140634999988833,evidence-20260913-sampler,REAL_EXPERIMENT
EmailEnron,forwarding-heavy,10,Uniform root,7,18131840357400391490,20000,20260715,3.3696,0.6168,0.4792421000020113,0.4854029000052833,evidence-20260913-sampler,REAL_EXPERIMENT
EmailEnron,forwarding-heavy,10,Uniform root,8,9843840508893237605,20000,20260715,0.0,0.60965,0.5197151999964262,0.526136200001929,evidence-20260913-sampler,REAL_EXPERIMENT
EmailEnron,forwarding-heavy,10,Uniform root,9,6456507671994139338,20000,20260715,5.0544,0.61095,0.4707042000009096,0.47688930000003893,evidence-20260913-sampler,REAL_EXPERIMENT
EmailEnron,forwarding-heavy,10,Uniform root,10,4558535606915792904,20000,20260715,3.3696,0.609,0.6877716999952099,0.6939459999994142,evidence-20260913-sampler,REAL_EXPERIMENT
EmailEnron,forwarding-heavy,10,Uniform root,11,16171957252546294167,20000,20260715,0.0,0.6135,0.5160430000032648,0.5222412000002805,evidence-20260913-sampler,REAL_EXPERIMENT
EmailEnron,forwarding-heavy,10,Uniform root,12,6289541732566435682,20000,20260715,3.3696,0.611,0.5260493000023416,0.53271130000212,evidence-20260913-sampler,REAL_EXPERIMENT
EmailEnron,forwarding-heavy,10,Uniform root,13,9990354395374761959,20000,20260715,3.3696,0.6085,0.597161400000914,0.6034241000015754,evidence-20260913-sampler,REAL_EXPERIMENT
EmailEnron,forwarding-heavy,10,Uniform root,14,2717682559947855758,20000,20260715,1.6848,0.61045,0.5756850999969174,0.5862913000019034,evidence-20260913-sampler,REAL_EXPERIMENT
EmailEnron,forwarding-heavy,10,Uniform root,15,10099012870369290525,20000,20260715,0.0,0.6085,0.5093099000005168,0.5156858999980614,evidence-20260913-sampler,REAL_EXPERIMENT
EmailEnron,forwarding-heavy,10,Uniform root,16,12681550873002862257,20000,20260715,3.3696,0.60965,0.535912700004701,0.5420498000021325,evidence-20260913-sampler,REAL_EXPERIMENT
EmailEnron,forwarding-heavy,10,Uniform root,17,14260511529691884836,20000,20260715,1.6848,0.6067,0.5886035000003176,0.5950114000006579,evidence-20260913-sampler,REAL_EXPERIMENT
EmailEnron,forwarding-heavy,10,Uniform root,18,1225803573930247810,20000,20260715,1.6848,0.6116,0.6207181000063429,0.6299864999964484,evidence-20260913-sampler,REAL_EXPERIMENT
EmailEnron,forwarding-heavy,10,Uniform root,19,11303412897672442104,20000,20260715,5.0544,0.61255,0.571601700001338,0.5777891999969142,evidence-20260913-sampler,REAL_EXPERIMENT
EmailEnron,forwarding-heavy,10,Uniform root,20,3517497246597738306,20000,20260715,1.6848,0.61075,0.5363490999952774,0.5445725000026869,evidence-20260913-sampler,REAL_EXPERIMENT
EmailEnron,forwarding-heavy,10,Uniform root,21,11256491311007302743,20000,20260715,6.7392,0.6026,0.6025280999965617,0.6087803000045824,evidence-20260913-sampler,REAL_EXPERIMENT
EmailEnron,forwarding-heavy,10,Uniform root,22,16600851070460375968,20000,20260715,1.6848,0.6079,0.5815416000041296,0.587949299995671,evidence-20260913-sampler,REAL_EXPERIMENT
EmailEnron,forwarding-heavy,10,Uniform root,23,14983156380840007622,20000,20260715,1.6848,0.60965,0.5366642000008142,0.5428298999977414,evidence-20260913-sampler,REAL_EXPERIMENT
EmailEnron,forwarding-heavy,10,Uniform root,24,14812805567696935740,20000,20260715,5.0544,0.61265,0.49099249999562744,0.49722099999780767,evidence-20260913-sampler,REAL_EXPERIMENT
EmailEnron,forwarding-heavy,10,Uniform root,25,5457223283304258663,20000,20260715,1.6848,0.60835,0.5420894999988377,0.548405499997898,evidence-20260913-sampler,REAL_EXPERIMENT
EmailEnron,forwarding-heavy,10,Uniform root,26,8674817160129793517,20000,20260715,1.6848,0.6091,0.5133409000045503,0.5195797999986098,evidence-20260913-sampler,REAL_EXPERIMENT
EmailEnron,forwarding-heavy,10,Uniform root,27,1239772426612560863,20000,20260715,1.6848,0.607,0.5606767999997828,0.572460499999579,evidence-20260913-sampler,REAL_EXPERIMENT
EmailEnron,forwarding-heavy,10,Uniform root,28,13833972754335656226,20000,20260715,5.0544,0.6075,0.6031984000001103,0.6093885000009323,evidence-20260913-sampler,REAL_EXPERIMENT
EmailEnron,forwarding-heavy,10,Uniform root,29,11555218728776069232,20000,20260715,0.0,0.60205,0.5081336000002921,0.5143349999998463,evidence-20260913-sampler,REAL_EXPERIMENT
EmailEnron,forwarding-heavy,10,Conditioned root,0,5240137432000668222,20000,20260715,5.918956422391028,0.0,1.3672753999999259,1.3809481999996933,evidence-20260913-sampler,REAL_EXPERIMENT
EmailEnron,forwarding-heavy,10,Conditioned root,1,7223247974550355766,20000,20260715,1.9729854741303425,0.0,1.2184824999931152,1.2317966999980854,evidence-20260913-sampler,REAL_EXPERIMENT
EmailEnron,forwarding-heavy,10,Conditioned root,2,16938663384846100079,20000,20260715,1.9729854741303425,0.0,1.0565216000031796,1.0701202999989619,evidence-20260913-sampler,REAL_EXPERIMENT
EmailEnron,forwarding-heavy,10,Conditioned root,3,7404521271213132851,20000,20260715,1.3153236494202283,0.0,1.2395241999984137,1.2530661999990116,evidence-20260913-sampler,REAL_EXPERIMENT
EmailEnron,forwarding-heavy,10,Conditioned root,4,8110790354495229470,20000,20260715,1.3153236494202283,0.0,1.1532555999947363,1.1670751999990898,evidence-20260913-sampler,REAL_EXPERIMENT
EmailEnron,forwarding-heavy,10,Conditioned root,5,11875534878446891202,20000,20260715,1.9729854741303425,0.0,1.1298504000005778,1.1452546000000439,evidence-20260913-sampler,REAL_EXPERIMENT
EmailEnron,forwarding-heavy,10,Conditioned root,6,6390248305829508362,20000,20260715,2.6306472988404566,0.0,1.0834210999964853,1.0972537999987253,evidence-20260913-sampler,REAL_EXPERIMENT
EmailEnron,forwarding-heavy,10,Conditioned root,7,2838664314405200610,20000,20260715,1.9729854741303425,0.0,1.3791086999990512,1.3950937000045087,evidence-20260913-sampler,REAL_EXPERIMENT
EmailEnron,forwarding-heavy,10,Conditioned root,8,10478819773025629308,20000,20260715,1.3153236494202283,0.0,1.2586424000037368,1.2718017000006512,evidence-20260913-sampler,REAL_EXPERIMENT
EmailEnron,forwarding-heavy,10,Conditioned root,9,16809273742954637767,20000,20260715,0.6576618247101141,0.0,1.2481565999987652,1.2622369999953662,evidence-20260913-sampler,REAL_EXPERIMENT
EmailEnron,forwarding-heavy,10,Conditioned root,10,9066395205910505388,20000,20260715,1.9729854741303425,0.0,1.322609700000612,1.337842200002342,evidence-20260913-sampler,REAL_EXPERIMENT
EmailEnron,forwarding-heavy,10,Conditioned root,11,2296725442745645730,20000,20260715,1.3153236494202283,0.0,1.3838008999955491,1.3973209999967366,evidence-20260913-sampler,REAL_EXPERIMENT
EmailEnron,forwarding-heavy,10,Conditioned root,12,18105864146739283835,20000,20260715,2.6306472988404566,0.0,1.1390441999974428,1.1527363999994122,evidence-20260913-sampler,REAL_EXPERIMENT
EmailEnron,forwarding-heavy,10,Conditioned root,13,5394877163024408956,20000,20260715,1.3153236494202283,0.0,1.2882602000026964,1.3030221000008169,evidence-20260913-sampler,REAL_EXPERIMENT
EmailEnron,forwarding-heavy,10,Conditioned root,14,3905403532645083179,20000,20260715,3.945970948260685,0.0,1.1646174999987124,1.178017300000647,evidence-20260913-sampler,REAL_EXPERIMENT
EmailEnron,forwarding-heavy,10,Conditioned root,15,5198594462853555132,20000,20260715,1.9729854741303425,0.0,1.0924254999990808,1.106777000000875,evidence-20260913-sampler,REAL_EXPERIMENT
EmailEnron,forwarding-heavy,10,Conditioned root,16,3129788458497765104,20000,20260715,1.9729854741303425,0.0,1.0773000000044703,1.0920323000027565,evidence-20260913-sampler,REAL_EXPERIMENT
EmailEnron,forwarding-heavy,10,Conditioned root,17,1829493495023656366,20000,20260715,1.9729854741303425,0.0,1.320910599999479,1.33496279999963,evidence-20260913-sampler,REAL_EXPERIMENT
EmailEnron,forwarding-heavy,10,Conditioned root,18,15189647614870923442,20000,20260715,2.6306472988404566,0.0,1.0775228000056813,1.0912381000016467,evidence-20260913-sampler,REAL_EXPERIMENT
EmailEnron,forwarding-heavy,10,Conditioned root,19,5369271913910454270,20000,20260715,2.6306472988404566,0.0,1.2673336000007112,1.2818322000020999,evidence-20260913-sampler,REAL_EXPERIMENT
EmailEnron,forwarding-heavy,10,Conditioned root,20,721161171139540174,20000,20260715,2.6306472988404566,0.0,1.257737799998722,1.2713784000006854,evidence-20260913-sampler,REAL_EXPERIMENT
EmailEnron,forwarding-heavy,10,Conditioned root,21,12622041881235555492,20000,20260715,1.3153236494202283,0.0,1.0987012999976287,1.1124549000014667,evidence-20260913-sampler,REAL_EXPERIMENT
EmailEnron,forwarding-heavy,10,Conditioned root,22,858936215330245010,20000,20260715,2.6306472988404566,0.0,1.3474012000006041,1.3617775999955484,evidence-20260913-sampler,REAL_EXPERIMENT
EmailEnron,forwarding-heavy,10,Conditioned root,23,12791613891396477382,20000,20260715,3.945970948260685,0.0,1.1930502999966848,1.2065634000027785,evidence-20260913-sampler,REAL_EXPERIMENT
EmailEnron,forwarding-heavy,10,Conditioned root,24,1261152862916275561,20000,20260715,0.6576618247101141,0.0,1.183403899995028,1.1969291000059457,evidence-20260913-sampler,REAL_EXPERIMENT
EmailEnron,forwarding-heavy,10,Conditioned root,25,6822237287358467267,20000,20260715,2.6306472988404566,0.0,1.0950972999999067,1.1104033999945386,evidence-20260913-sampler,REAL_EXPERIMENT
EmailEnron,forwarding-heavy,10,Conditioned root,26,8383477954012776507,20000,20260715,1.3153236494202283,0.0,1.2238146999952733,1.2379933999982313,evidence-20260913-sampler,REAL_EXPERIMENT
EmailEnron,forwarding-heavy,10,Conditioned root,27,15525992326134428919,20000,20260715,1.9729854741303425,0.0,1.3243943999987096,1.3397001999983331,evidence-20260913-sampler,REAL_EXPERIMENT
EmailEnron,forwarding-heavy,10,Conditioned root,28,5296235040502876788,20000,20260715,2.6306472988404566,0.0,1.206115499997395,1.221244000000297,evidence-20260913-sampler,REAL_EXPERIMENT
EmailEnron,forwarding-heavy,10,Conditioned root,29,15694661149670540103,20000,20260715,3.945970948260685,0.0,1.231998499999463,1.2471864999970421,evidence-20260913-sampler,REAL_EXPERIMENT
EmailEnron,forwarding-heavy,50,Uniform root,0,4287394044454995105,20000,20260715,15.1632,0.092,2.3598173999998835,2.366103699998348,evidence-20260913-sampler,REAL_EXPERIMENT
EmailEnron,forwarding-heavy,50,Uniform root,1,3213374776794014237,20000,20260715,11.7936,0.0894,2.3909430999992765,2.3972697999997763,evidence-20260913-sampler,REAL_EXPERIMENT
EmailEnron,forwarding-heavy,50,Uniform root,2,6223807415693549193,20000,20260715,6.7392,0.0943,2.441109300001699,2.4474611000041477,evidence-20260913-sampler,REAL_EXPERIMENT
EmailEnron,forwarding-heavy,50,Uniform root,3,9323087123894515582,20000,20260715,16.848,0.08915,2.1005703000046196,2.1067488999979105,evidence-20260913-sampler,REAL_EXPERIMENT
EmailEnron,forwarding-heavy,50,Uniform root,4,8936129603283691355,20000,20260715,6.7392,0.0898,2.120636100000411,2.1269649999958347,evidence-20260913-sampler,REAL_EXPERIMENT
EmailEnron,forwarding-heavy,50,Uniform root,5,12216250173624722113,20000,20260715,18.5328,0.0913,2.344439100001182,2.3508316000006744,evidence-20260913-sampler,REAL_EXPERIMENT
EmailEnron,forwarding-heavy,50,Uniform root,6,6209697200883998173,20000,20260715,11.7936,0.08455,2.534495200001402,2.540701900004933,evidence-20260913-sampler,REAL_EXPERIMENT
EmailEnron,forwarding-heavy,50,Uniform root,7,17476148384535794453,20000,20260715,13.4784,0.0921,2.1720577999949455,2.178322300002037,evidence-20260913-sampler,REAL_EXPERIMENT
EmailEnron,forwarding-heavy,50,Uniform root,8,7320066660537795618,20000,20260715,15.1632,0.09395,2.447822299996915,2.45486350000283,evidence-20260913-sampler,REAL_EXPERIMENT
EmailEnron,forwarding-heavy,50,Uniform root,9,15495080214724579305,20000,20260715,18.5328,0.08935,2.003567899999325,2.0103069999968284,evidence-20260913-sampler,REAL_EXPERIMENT
EmailEnron,forwarding-heavy,50,Uniform root,10,8785105370695495692,20000,20260715,6.7392,0.0892,2.218788799997128,2.2266081999987364,evidence-20260913-sampler,REAL_EXPERIMENT
EmailEnron,forwarding-heavy,50,Uniform root,11,16728229975143945725,20000,20260715,6.7392,0.0869,2.3717311000000336,2.383503600001859,evidence-20260913-sampler,REAL_EXPERIMENT
EmailEnron,forwarding-heavy,50,Uniform root,12,11013654131312512985,20000,20260715,11.7936,0.09085,2.6686708999986877,2.6748969000036595,evidence-20260913-sampler,REAL_EXPERIMENT
EmailEnron,forwarding-heavy,50,Uniform root,13,11887286953463737705,20000,20260715,11.7936,0.0875,2.3146825000003446,2.3209540999960154,evidence-20260913-sampler,REAL_EXPERIMENT
EmailEnron,forwarding-heavy,50,Uniform root,14,9751666151784895788,20000,20260715,13.4784,0.0883,2.2112928999995347,2.217453099998238,evidence-20260913-sampler,REAL_EXPERIMENT
EmailEnron,forwarding-heavy,50,Uniform root,15,1615209218752503730,20000,20260715,15.1632,0.0859,2.22382849999849,2.2300557999988087,evidence-20260913-sampler,REAL_EXPERIMENT
EmailEnron,forwarding-heavy,50,Uniform root,16,9356681248965115838,20000,20260715,16.848,0.08785,2.4533063000053517,2.4598250999988522,evidence-20260913-sampler,REAL_EXPERIMENT
EmailEnron,forwarding-heavy,50,Uniform root,17,10201808393509760802,20000,20260715,10.1088,0.0897,2.148325999994995,2.1550299000009545,evidence-20260913-sampler,REAL_EXPERIMENT
EmailEnron,forwarding-heavy,50,Uniform root,18,517680975240162923,20000,20260715,18.5328,0.09115,2.536136599999736,2.5423372000004747,evidence-20260913-sampler,REAL_EXPERIMENT
EmailEnron,forwarding-heavy,50,Uniform root,19,18261504290493810855,20000,20260715,5.0544,0.0883,2.147670999998809,2.154462999998941,evidence-20260913-sampler,REAL_EXPERIMENT
EmailEnron,forwarding-heavy,50,Uniform root,20,4842405472170707831,20000,20260715,5.0544,0.08995,2.1476748999994015,2.154795499998727,evidence-20260913-sampler,REAL_EXPERIMENT
EmailEnron,forwarding-heavy,50,Uniform root,21,8294020214532721760,20000,20260715,10.1088,0.0893,2.4968871000019135,2.5072610000061104,evidence-20260913-sampler,REAL_EXPERIMENT
EmailEnron,forwarding-heavy,50,Uniform root,22,11413957379324784612,20000,20260715,8.424,0.0916,2.1482295999958296,2.1592371000006096,evidence-20260913-sampler,REAL_EXPERIMENT
EmailEnron,forwarding-heavy,50,Uniform root,23,13928734755571449689,20000,20260715,8.424,0.09455,2.34442300000228,2.3506331000025966,evidence-20260913-sampler,REAL_EXPERIMENT
EmailEnron,forwarding-heavy,50,Uniform root,24,5061075851043936289,20000,20260715,6.7392,0.09075,2.394760800001677,2.405064600003243,evidence-20260913-sampler,REAL_EXPERIMENT
EmailEnron,forwarding-heavy,50,Uniform root,25,17384472959805961147,20000,20260715,10.1088,0.08715,2.649299199998495,2.660044000003836,evidence-20260913-sampler,REAL_EXPERIMENT
EmailEnron,forwarding-heavy,50,Uniform root,26,7351780740002602116,20000,20260715,15.1632,0.09045,2.1997870999985025,2.206234899997071,evidence-20260913-sampler,REAL_EXPERIMENT
EmailEnron,forwarding-heavy,50,Uniform root,27,5632945450413087403,20000,20260715,8.424,0.08755,2.3993830000035814,2.405657600000268,evidence-20260913-sampler,REAL_EXPERIMENT
EmailEnron,forwarding-heavy,50,Uniform root,28,1431824536762065642,20000,20260715,21.9024,0.0915,2.2969394999963697,2.3049606999993557,evidence-20260913-sampler,REAL_EXPERIMENT
EmailEnron,forwarding-heavy,50,Uniform root,29,12553615681271202030,20000,20260715,10.1088,0.0875,2.2958347000021604,2.3061172000016086,evidence-20260913-sampler,REAL_EXPERIMENT
EmailEnron,forwarding-heavy,50,Conditioned root,0,18129840946189191876,20000,20260715,21.472231409934874,0.0,2.2882847000000766,2.30243899999914,evidence-20260913-sampler,REAL_EXPERIMENT
EmailEnron,forwarding-heavy,50,Conditioned root,1,12349306877482121984,20000,20260715,10.736115704967437,0.0,2.689315199997509,2.7027190000007977,evidence-20260913-sampler,REAL_EXPERIMENT
EmailEnron,forwarding-heavy,50,Conditioned root,2,17336837878205467715,20000,20260715,18.404769779944175,0.0,2.6228515000038897,2.6385102000058396,evidence-20260913-sampler,REAL_EXPERIMENT
EmailEnron,forwarding-heavy,50,Conditioned root,3,7043464552495131039,20000,20260715,10.736115704967437,0.0,2.834340699999302,2.852485899995372,evidence-20260913-sampler,REAL_EXPERIMENT
EmailEnron,forwarding-heavy,50,Conditioned root,4,16828848497887102248,20000,20260715,6.134923259981392,0.0,2.553130600004806,2.567130700001144,evidence-20260913-sampler,REAL_EXPERIMENT
EmailEnron,forwarding-heavy,50,Conditioned root,5,6911059088515179833,20000,20260715,9.202384889972087,0.0,3.0523297999970964,3.066379500000039,evidence-20260913-sampler,REAL_EXPERIMENT
EmailEnron,forwarding-heavy,50,Conditioned root,6,7679741928163810333,20000,20260715,12.269846519962783,0.0,2.7058195999998134,2.7196016000016243,evidence-20260913-sampler,REAL_EXPERIMENT
EmailEnron,forwarding-heavy,50,Conditioned root,7,2135283709855970253,20000,20260715,12.269846519962783,0.0,2.963050699996529,2.977584799999022,evidence-20260913-sampler,REAL_EXPERIMENT
EmailEnron,forwarding-heavy,50,Conditioned root,8,4247196437462754496,20000,20260715,10.736115704967437,0.0,2.955766599996423,2.970941599996877,evidence-20260913-sampler,REAL_EXPERIMENT
EmailEnron,forwarding-heavy,50,Conditioned root,9,3860246210138966279,20000,20260715,12.269846519962783,0.0,2.7322981000033906,2.751745399997162,evidence-20260913-sampler,REAL_EXPERIMENT
EmailEnron,forwarding-heavy,50,Conditioned root,10,1242849051495685957,20000,20260715,15.337308149953481,0.0,2.385035599996627,2.3991970000060974,evidence-20260913-sampler,REAL_EXPERIMENT
EmailEnron,forwarding-heavy,50,Conditioned root,11,8820200068361618900,20000,20260715,6.134923259981392,0.0,2.40512299999682,2.421464200000628,evidence-20260913-sampler,REAL_EXPERIMENT
EmailEnron,forwarding-heavy,50,Conditioned root,12,12430062307985414682,20000,20260715,12.269846519962783,0.0,2.4449002999972436,2.4586152999982005,evidence-20260913-sampler,REAL_EXPERIMENT
EmailEnron,forwarding-heavy,50,Conditioned root,13,5608656162293749538,20000,20260715,13.803577334958131,0.0,2.5109117000029073,2.5263443000003463,evidence-20260913-sampler,REAL_EXPERIMENT
EmailEnron,forwarding-heavy,50,Conditioned root,14,4026593669284534027,20000,20260715,15.337308149953481,0.0,2.3341866999980994,2.350651699998707,evidence-20260913-sampler,REAL_EXPERIMENT
EmailEnron,forwarding-heavy,50,Conditioned root,15,14667954024334496809,20000,20260715,16.87103896494883,0.0,2.454099100003077,2.4679481999992277,evidence-20260913-sampler,REAL_EXPERIMENT
EmailEnron,forwarding-heavy,50,Conditioned root,16,1773825994371781258,20000,20260715,6.134923259981392,0.0,2.521587700000964,2.5387638000029256,evidence-20260913-sampler,REAL_EXPERIMENT
EmailEnron,forwarding-heavy,50,Conditioned root,17,18017418462301239694,20000,20260715,13.803577334958131,0.0,2.5196599000046263,2.5336100999993505,evidence-20260913-sampler,REAL_EXPERIMENT
EmailEnron,forwarding-heavy,50,Conditioned root,18,1388619352951837485,20000,20260715,12.269846519962783,0.0,2.4930198000001837,2.508788099999947,evidence-20260913-sampler,REAL_EXPERIMENT
EmailEnron,forwarding-heavy,50,Conditioned root,19,4784034420829649188,20000,20260715,18.404769779944175,0.0,2.4996533000012278,2.515708499995526,evidence-20260913-sampler,REAL_EXPERIMENT
EmailEnron,forwarding-heavy,50,Conditioned root,20,15766916960535638761,20000,20260715,10.736115704967437,0.0,2.3738718000022345,2.3911025999987032,evidence-20260913-sampler,REAL_EXPERIMENT
EmailEnron,forwarding-heavy,50,Conditioned root,21,7904427597836892195,20000,20260715,10.736115704967437,0.0,2.3701730000029784,2.384138300003542,evidence-20260913-sampler,REAL_EXPERIMENT
EmailEnron,forwarding-heavy,50,Conditioned root,22,4222808580359186645,20000,20260715,6.134923259981392,0.0,2.404189300003054,2.419954700002563,evidence-20260913-sampler,REAL_EXPERIMENT
EmailEnron,forwarding-heavy,50,Conditioned root,23,16796848599608819511,20000,20260715,12.269846519962783,0.0,2.5448949999990873,2.5603419999970356,evidence-20260913-sampler,REAL_EXPERIMENT
EmailEnron,forwarding-heavy,50,Conditioned root,24,5141964600398515344,20000,20260715,13.803577334958131,0.0,2.882042099998216,2.897359399998095,evidence-20260913-sampler,REAL_EXPERIMENT
EmailEnron,forwarding-heavy,50,Conditioned root,25,4940572627657832159,20000,20260715,13.803577334958131,0.0,3.062105099998007,3.078907800001616,evidence-20260913-sampler,REAL_EXPERIMENT
EmailEnron,forwarding-heavy,50,Conditioned root,26,1914842588603312934,20000,20260715,7.6686540749767405,0.0,2.644636700002593,2.663563800000702,evidence-20260913-sampler,REAL_EXPERIMENT
EmailEnron,forwarding-heavy,50,Conditioned root,27,9809359365855152878,20000,20260715,15.337308149953481,0.0,3.0015520000015385,3.0153596000018297,evidence-20260913-sampler,REAL_EXPERIMENT
EmailEnron,forwarding-heavy,50,Conditioned root,28,11167503427459976209,20000,20260715,12.269846519962783,0.0,2.2526966000004904,2.2675139000057243,evidence-20260913-sampler,REAL_EXPERIMENT
EmailEnron,forwarding-heavy,50,Conditioned root,29,16261330476788622727,20000,20260715,7.6686540749767405,0.0,2.483377800002927,2.497186000000511,evidence-20260913-sampler,REAL_EXPERIMENT
EmailEnron,forwarding-heavy,200,Uniform root,0,155036613407896977,20000,20260715,35.3808,0.0002,9.808026899998367,9.816242000000784,evidence-20260913-sampler,REAL_EXPERIMENT
EmailEnron,forwarding-heavy,200,Uniform root,1,7194908925384204749,20000,20260715,30.3264,0.0002,8.534840699998313,8.541188800001692,evidence-20260913-sampler,REAL_EXPERIMENT
EmailEnron,forwarding-heavy,200,Uniform root,2,7917019080195602041,20000,20260715,62.3376,0.0004,9.17534130000422,9.181592200002342,evidence-20260913-sampler,REAL_EXPERIMENT
EmailEnron,forwarding-heavy,200,Uniform root,3,15639825142898307470,20000,20260715,40.4352,0.0003,8.798058099993796,8.805347299996356,evidence-20260913-sampler,REAL_EXPERIMENT
EmailEnron,forwarding-heavy,200,Uniform root,4,10555748881950252375,20000,20260715,33.696,0.0002,9.163623100001132,9.17018090000056,evidence-20260913-sampler,REAL_EXPERIMENT
EmailEnron,forwarding-heavy,200,Uniform root,5,17687268026081338526,20000,20260715,47.1744,0.0002,8.620858899994346,8.627238200002466,evidence-20260913-sampler,REAL_EXPERIMENT
EmailEnron,forwarding-heavy,200,Uniform root,6,11456344685157305951,20000,20260715,42.12,0.00045,8.797320400000899,8.804041800001869,evidence-20260913-sampler,REAL_EXPERIMENT
EmailEnron,forwarding-heavy,200,Uniform root,7,10833730082357781647,20000,20260715,38.7504,0.0006,8.116765899998427,8.123533099998895,evidence-20260913-sampler,REAL_EXPERIMENT
EmailEnron,forwarding-heavy,200,Uniform root,8,13939211160523074875,20000,20260715,40.4352,0.00055,8.585966899998311,8.592960499998298,evidence-20260913-sampler,REAL_EXPERIMENT
EmailEnron,forwarding-heavy,200,Uniform root,9,18385679357229572297,20000,20260715,38.7504,0.00025,8.698202599996876,8.70506629999727,evidence-20260913-sampler,REAL_EXPERIMENT
EmailEnron,forwarding-heavy,200,Uniform root,10,17129333562109768740,20000,20260715,42.12,0.0004,9.186438500000804,9.19807249999576,evidence-20260913-sampler,REAL_EXPERIMENT
EmailEnron,forwarding-heavy,200,Uniform root,11,14850960890813965919,20000,20260715,37.0656,0.00045,8.450631699997757,8.457032999998773,evidence-20260913-sampler,REAL_EXPERIMENT
EmailEnron,forwarding-heavy,200,Uniform root,12,1467070727354017973,20000,20260715,55.5984,0.0002,8.647804899999755,8.65416869999899,evidence-20260913-sampler,REAL_EXPERIMENT
EmailEnron,forwarding-heavy,200,Uniform root,13,14738639901170361934,20000,20260715,32.0112,0.00055,8.719198500002676,8.726113199998508,evidence-20260913-sampler,REAL_EXPERIMENT
EmailEnron,forwarding-heavy,200,Uniform root,14,882314009516876277,20000,20260715,53.9136,0.0002,8.613979100002325,8.620263000004343,evidence-20260913-sampler,REAL_EXPERIMENT
EmailEnron,forwarding-heavy,200,Uniform root,15,4564365866800131134,20000,20260715,25.272,0.00045,8.93972180000128,8.951148100000864,evidence-20260913-sampler,REAL_EXPERIMENT
EmailEnron,forwarding-heavy,200,Uniform root,16,12263188364419390342,20000,20260715,50.544,0.0005,9.136917499999981,9.143614499997057,evidence-20260913-sampler,REAL_EXPERIMENT
EmailEnron,forwarding-heavy,200,Uniform root,17,11769925203192708265,20000,20260715,57.2832,0.00015,8.322167099999206,8.329041600001801,evidence-20260913-sampler,REAL_EXPERIMENT
EmailEnron,forwarding-heavy,200,Uniform root,18,6425251677892877602,20000,20260715,42.12,0.00045,8.99421280000388,9.003416100000322,evidence-20260913-sampler,REAL_EXPERIMENT
EmailEnron,forwarding-heavy,200,Uniform root,19,3493979803035352636,20000,20260715,60.6528,0.0001,8.844200199993793,8.854185700001835,evidence-20260913-sampler,REAL_EXPERIMENT
EmailEnron,forwarding-heavy,200,Uniform root,20,14211047085132883493,20000,20260715,40.4352,0.00025,8.533021800001734,8.539582100005646,evidence-20260913-sampler,REAL_EXPERIMENT
EmailEnron,forwarding-heavy,200,Uniform root,21,14658311671397912251,20000,20260715,40.4352,0.0001,8.768064799995045,8.77764439999737,evidence-20260913-sampler,REAL_EXPERIMENT
EmailEnron,forwarding-heavy,200,Uniform root,22,15872437037393348253,20000,20260715,37.0656,0.00045,8.74616049999895,8.75241410000308,evidence-20260913-sampler,REAL_EXPERIMENT
EmailEnron,forwarding-heavy,200,Uniform root,23,16633027232247079733,20000,20260715,33.696,0.0004,8.162334099994041,8.173458299999766,evidence-20260913-sampler,REAL_EXPERIMENT
EmailEnron,forwarding-heavy,200,Uniform root,24,10488204518468490683,20000,20260715,50.544,0.0004,8.947768500001985,8.953986699998495,evidence-20260913-sampler,REAL_EXPERIMENT
EmailEnron,forwarding-heavy,200,Uniform root,25,15658421276192839066,20000,20260715,40.4352,0.0004,8.293722700000217,8.307647300003737,evidence-20260913-sampler,REAL_EXPERIMENT
EmailEnron,forwarding-heavy,200,Uniform root,26,8923043743155254238,20000,20260715,74.1312,0.0003,8.405812599994533,8.412071499995363,evidence-20260913-sampler,REAL_EXPERIMENT
EmailEnron,forwarding-heavy,200,Uniform root,27,4746831837429236460,20000,20260715,52.2288,0.00035,8.4783621999959,8.48779680000007,evidence-20260913-sampler,REAL_EXPERIMENT
EmailEnron,forwarding-heavy,200,Uniform root,28,1766624934128139071,20000,20260715,47.1744,0.0005,8.280390100000659,8.28721609999775,evidence-20260913-sampler,REAL_EXPERIMENT
EmailEnron,forwarding-heavy,200,Uniform root,29,6260683759499887055,20000,20260715,40.4352,0.00025,8.246305000000575,8.253224799998861,evidence-20260913-sampler,REAL_EXPERIMENT
EmailEnron,forwarding-heavy,200,Conditioned root,0,3773411229776478184,20000,20260715,43.79064597634037,0.0,7.752521399997931,7.770535999996355,evidence-20260913-sampler,REAL_EXPERIMENT
EmailEnron,forwarding-heavy,200,Conditioned root,1,6239802957749173447,20000,20260715,40.42213474739111,0.0,9.57995839999785,9.593775000001187,evidence-20260913-sampler,REAL_EXPERIMENT
EmailEnron,forwarding-heavy,200,Conditioned root,2,7268542634650275430,20000,20260715,42.10639036186574,0.0,8.569512200003373,8.583349300002737,evidence-20260913-sampler,REAL_EXPERIMENT
EmailEnron,forwarding-heavy,200,Conditioned root,3,932715131306718152,20000,20260715,53.89617966318815,0.0,8.624598399997922,8.640098299998499,evidence-20260913-sampler,REAL_EXPERIMENT
EmailEnron,forwarding-heavy,200,Conditioned root,4,1111480315124226047,20000,20260715,53.89617966318815,0.0,8.476077100000111,8.492019400000572,evidence-20260913-sampler,REAL_EXPERIMENT
EmailEnron,forwarding-heavy,200,Conditioned root,5,9660594139152355542,20000,20260715,58.94894650661204,0.0,8.333341100005782,8.348516700003529,evidence-20260913-sampler,REAL_EXPERIMENT
EmailEnron,forwarding-heavy,200,Conditioned root,6,2005097362653934514,20000,20260715,35.36936790396722,0.0,7.830701399994723,7.844458899999154,evidence-20260913-sampler,REAL_EXPERIMENT
EmailEnron,forwarding-heavy,200,Conditioned root,7,2710875613480020909,20000,20260715,50.52766843423889,0.0,7.369700900002499,7.385321900001145,evidence-20260913-sampler,REAL_EXPERIMENT
EmailEnron,forwarding-heavy,200,Conditioned root,8,93917776329385849,20000,20260715,43.79064597634037,0.0,8.907914600000367,8.921611600002507,evidence-20260913-sampler,REAL_EXPERIMENT
EmailEnron,forwarding-heavy,200,Conditioned root,9,18220915146381221194,20000,20260715,43.79064597634037,0.0,8.478663900001266,8.49259780000284,evidence-20260913-sampler,REAL_EXPERIMENT
EmailEnron,forwarding-heavy,200,Conditioned root,10,11331969924023105179,20000,20260715,50.52766843423889,0.0,8.292362799998955,8.306820400001016,evidence-20260913-sampler,REAL_EXPERIMENT
EmailEnron,forwarding-heavy,200,Conditioned root,11,7467868283717432666,20000,20260715,47.15915720528963,0.0,8.549597799996263,8.563734700001078,evidence-20260913-sampler,REAL_EXPERIMENT
EmailEnron,forwarding-heavy,200,Conditioned root,12,17501146470108385601,20000,20260715,45.474901590815,0.0,8.721177600004012,8.743714299998828,evidence-20260913-sampler,REAL_EXPERIMENT
EmailEnron,forwarding-heavy,200,Conditioned root,13,7539920054975243759,20000,20260715,52.21192404871352,0.0,7.7739944999993895,7.788152100001753,evidence-20260913-sampler,REAL_EXPERIMENT
EmailEnron,forwarding-heavy,200,Conditioned root,14,10458421610760024722,20000,20260715,52.21192404871352,0.0,9.134201300003042,9.150041699998837,evidence-20260913-sampler,REAL_EXPERIMENT
EmailEnron,forwarding-heavy,200,Conditioned root,15,8670518705087574173,20000,20260715,55.58043527766277,0.0,8.766343000002962,8.790343299995584,evidence-20260913-sampler,REAL_EXPERIMENT
EmailEnron,forwarding-heavy,200,Conditioned root,16,12966266391662058884,20000,20260715,38.73787913291648,0.0,8.362235900000087,8.375962999998592,evidence-20260913-sampler,REAL_EXPERIMENT
EmailEnron,forwarding-heavy,200,Conditioned root,17,13691475599348158803,20000,20260715,37.05362351844185,0.0,8.254448499996215,8.26942009999766,evidence-20260913-sampler,REAL_EXPERIMENT
EmailEnron,forwarding-heavy,200,Conditioned root,18,5714318442597067495,20000,20260715,64.00171335003593,0.0,8.284441799994966,8.29964089999703,evidence-20260913-sampler,REAL_EXPERIMENT
EmailEnron,forwarding-heavy,200,Conditioned root,19,17998959939666046516,20000,20260715,72.42299142240907,0.0,8.335648200001742,8.351199000004272,evidence-20260913-sampler,REAL_EXPERIMENT
EmailEnron,forwarding-heavy,200,Conditioned root,20,12264027913713109305,20000,20260715,60.633202121086676,0.0,8.459096400001727,8.473625699996774,evidence-20260913-sampler,REAL_EXPERIMENT
EmailEnron,forwarding-heavy,200,Conditioned root,21,16502536706804689912,20000,20260715,52.21192404871352,0.0,8.77818319999642,8.793085899997095,evidence-20260913-sampler,REAL_EXPERIMENT
EmailEnron,forwarding-heavy,200,Conditioned root,22,4762080749614582658,20000,20260715,47.15915720528963,0.0,8.914651300001424,8.928916400000162,evidence-20260913-sampler,REAL_EXPERIMENT
EmailEnron,forwarding-heavy,200,Conditioned root,23,1465486828018586095,20000,20260715,35.36936790396722,0.0,8.549094399997557,8.562966899997264,evidence-20260913-sampler,REAL_EXPERIMENT
EmailEnron,forwarding-heavy,200,Conditioned root,24,9508362273806711702,20000,20260715,47.15915720528963,0.0,8.597360200001276,8.611426999996183,evidence-20260913-sampler,REAL_EXPERIMENT
EmailEnron,forwarding-heavy,200,Conditioned root,25,12799506020009811947,20000,20260715,57.26469089213741,0.0,8.209346199997526,8.223298600001726,evidence-20260913-sampler,REAL_EXPERIMENT
EmailEnron,forwarding-heavy,200,Conditioned root,26,11030540781453852101,20000,20260715,42.10639036186574,0.0,9.118100599996978,9.132062500000757,evidence-20260913-sampler,REAL_EXPERIMENT
EmailEnron,forwarding-heavy,200,Conditioned root,27,16151697000129376007,20000,20260715,50.52766843423889,0.0,7.596642399999837,7.612334699995699,evidence-20260913-sampler,REAL_EXPERIMENT
EmailEnron,forwarding-heavy,200,Conditioned root,28,9610661897945452580,20000,20260715,45.474901590815,0.0,8.432366900000488,8.448121599998558,evidence-20260913-sampler,REAL_EXPERIMENT
EmailEnron,forwarding-heavy,200,Conditioned root,29,6144869058616305791,20000,20260715,47.15915720528963,0.0,8.497446599998511,8.515084500002558,evidence-20260913-sampler,REAL_EXPERIMENT
