dataset,scenario,k,selection_seeds,mean_adopters_across_seeds,std_across_seeds,coefficient_of_variation,min_adopters,max_adopters,relative_range,status
DoubanRandom,adoption-heavy,10,5,7.99840000,0.07934570,0.00992020,7.93420000,8.10810000,0.02174185,REAL_EXPERIMENT
DoubanRandom,adoption-heavy,25,5,20.16496000,0.02447893,0.00121393,20.13880000,20.20350000,0.00320854,REAL_EXPERIMENT
DoubanRandom,adoption-heavy,50,5,40.15722000,0.19576062,0.00487485,39.84320000,40.37760000,0.01330769,REAL_EXPERIMENT
DoubanRandom,adoption-heavy,100,5,80.38930000,0.05427914,0.00067520,80.30240000,80.43850000,0.00169301,REAL_EXPERIMENT
DoubanRandom,adoption-heavy,150,5,120.31744000,0.19400617,0.00161245,120.10520000,120.52930000,0.00352484,REAL_EXPERIMENT
DoubanRandom,adoption-heavy,200,5,160.08952000,0.51448750,0.00321375,159.43700000,160.64290000,0.00753266,REAL_EXPERIMENT
DoubanRandom,balanced,10,5,6.45848000,0.04585212,0.00709952,6.41990000,6.53520000,0.01785250,REAL_EXPERIMENT
DoubanRandom,balanced,25,5,16.10160000,0.04173907,0.00259223,16.06610000,16.17370000,0.00668257,REAL_EXPERIMENT
DoubanRandom,balanced,50,5,32.18434000,0.03356893,0.00104302,32.13040000,32.21490000,0.00262550,REAL_EXPERIMENT
DoubanRandom,balanced,100,5,64.32650000,0.13624647,0.00211805,64.14750000,64.44530000,0.00462951,REAL_EXPERIMENT
DoubanRandom,balanced,150,5,96.08680000,0.24001528,0.00249790,95.81040000,96.34320000,0.00554499,REAL_EXPERIMENT
DoubanRandom,balanced,200,5,128.01984000,0.18512782,0.00144609,127.76730000,128.20530000,0.00342134,REAL_EXPERIMENT
DoubanRandom,forwarding-heavy,10,5,1.34668000,0.03009131,0.02234481,1.30650000,1.38700000,0.05977664,REAL_EXPERIMENT
DoubanRandom,forwarding-heavy,25,5,3.33150000,0.06300071,0.01891062,3.26420000,3.42180000,0.04730602,REAL_EXPERIMENT
DoubanRandom,forwarding-heavy,50,5,6.72838000,0.08597155,0.01277745,6.60400000,6.80490000,0.02985860,REAL_EXPERIMENT
DoubanRandom,forwarding-heavy,100,5,13.37372000,0.10679566,0.00798549,13.21280000,13.51300000,0.02244701,REAL_EXPERIMENT
DoubanRandom,forwarding-heavy,150,5,19.96658000,0.15613765,0.00781995,19.78750000,20.21520000,0.02142079,REAL_EXPERIMENT
DoubanRandom,forwarding-heavy,200,5,26.52856000,0.09766106,0.00368136,26.42680000,26.63490000,0.00784438,REAL_EXPERIMENT
EmailEnron,adoption-heavy,10,5,8.03542000,0.03179586,0.00395696,7.99590000,8.08370000,0.01092662,REAL_EXPERIMENT
EmailEnron,adoption-heavy,25,5,20.14890000,0.05703635,0.00283074,20.06370000,20.21620000,0.00756865,REAL_EXPERIMENT
EmailEnron,adoption-heavy,50,5,40.09920000,0.20535994,0.00512130,39.85360000,40.38410000,0.01322969,REAL_EXPERIMENT
EmailEnron,adoption-heavy,100,5,80.21244000,0.20426584,0.00254656,79.88560000,80.34870000,0.00577342,REAL_EXPERIMENT
EmailEnron,adoption-heavy,150,5,119.82044000,0.22485535,0.00187660,119.57430000,120.01800000,0.00370304,REAL_EXPERIMENT
EmailEnron,adoption-heavy,200,5,159.63192000,0.40626226,0.00254499,159.20000000,160.17190000,0.00608838,REAL_EXPERIMENT
EmailEnron,balanced,10,5,6.79680000,0.03705570,0.00545193,6.75590000,6.83600000,0.01178496,REAL_EXPERIMENT
EmailEnron,balanced,25,5,17.10302000,0.05830165,0.00340885,17.02500000,17.18070000,0.00910366,REAL_EXPERIMENT
EmailEnron,balanced,50,5,34.10266000,0.09569066,0.00280596,33.98270000,34.23600000,0.00742757,REAL_EXPERIMENT
EmailEnron,balanced,100,5,68.13174000,0.19118855,0.00280616,67.89720000,68.36120000,0.00681034,REAL_EXPERIMENT
EmailEnron,balanced,150,5,101.90456000,0.32395811,0.00317903,101.45680000,102.30870000,0.00835978,REAL_EXPERIMENT
EmailEnron,balanced,200,5,135.67846000,0.31152310,0.00229604,135.42430000,136.09240000,0.00492414,REAL_EXPERIMENT
EmailEnron,forwarding-heavy,10,5,2.33576000,0.06168288,0.02640806,2.23920000,2.40130000,0.06939925,REAL_EXPERIMENT
EmailEnron,forwarding-heavy,25,5,5.87164000,0.09851697,0.01677844,5.74890000,6.00550000,0.04370159,REAL_EXPERIMENT
EmailEnron,forwarding-heavy,50,5,11.71042000,0.10084777,0.00861180,11.59970000,11.87210000,0.02326133,REAL_EXPERIMENT
EmailEnron,forwarding-heavy,100,5,23.43768000,0.11235000,0.00479356,23.31150000,23.58520000,0.01167778,REAL_EXPERIMENT
EmailEnron,forwarding-heavy,150,5,35.06964000,0.14737019,0.00420222,34.85960000,35.22020000,0.01028240,REAL_EXPERIMENT
EmailEnron,forwarding-heavy,200,5,46.56596000,0.30296504,0.00650615,46.23060000,46.91820000,0.01476615,REAL_EXPERIMENT
NetFacebookEgo,adoption-heavy,10,5,8.21474000,0.00511302,0.00062242,8.20680000,8.21960000,0.00155817,REAL_EXPERIMENT
NetFacebookEgo,adoption-heavy,25,5,20.47678000,0.01882490,0.00091933,20.45550000,20.50000000,0.00217319,REAL_EXPERIMENT
NetFacebookEgo,adoption-heavy,50,5,40.81056000,0.05794474,0.00141985,40.71830000,40.85360000,0.00331532,REAL_EXPERIMENT
NetFacebookEgo,adoption-heavy,100,5,81.22226000,0.05724468,0.00070479,81.15100000,81.30560000,0.00190342,REAL_EXPERIMENT
NetFacebookEgo,adoption-heavy,150,5,121.16568000,0.14483022,0.00119531,120.99730000,121.38870000,0.00323029,REAL_EXPERIMENT
NetFacebookEgo,adoption-heavy,200,5,161.07042000,0.09512262,0.00059057,160.96920000,161.17950000,0.00130564,REAL_EXPERIMENT
NetFacebookEgo,balanced,10,5,6.28200000,0.06390841,0.01017326,6.17470000,6.33620000,0.02570837,REAL_EXPERIMENT
NetFacebookEgo,balanced,25,5,15.26786000,0.10327182,0.00676400,15.15010000,15.37830000,0.01494643,REAL_EXPERIMENT
NetFacebookEgo,balanced,50,5,29.22044000,0.18888074,0.00646399,28.99200000,29.43780000,0.01525644,REAL_EXPERIMENT
NetFacebookEgo,balanced,100,5,55.44920000,0.22916432,0.00413287,55.17300000,55.68400000,0.00921564,REAL_EXPERIMENT
NetFacebookEgo,balanced,150,5,80.09768000,0.22039018,0.00275152,79.78510000,80.39330000,0.00759323,REAL_EXPERIMENT
NetFacebookEgo,balanced,200,5,104.71782000,0.27406375,0.00261716,104.31540000,105.04360000,0.00695393,REAL_EXPERIMENT
NetFacebookEgo,forwarding-heavy,10,5,1.17952000,0.00785347,0.00665819,1.17220000,1.19240000,0.01712561,REAL_EXPERIMENT
NetFacebookEgo,forwarding-heavy,25,5,2.94662000,0.01698785,0.00576520,2.92960000,2.96890000,0.01333732,REAL_EXPERIMENT
NetFacebookEgo,forwarding-heavy,50,5,5.86938000,0.03687590,0.00628276,5.81950000,5.91000000,0.01541901,REAL_EXPERIMENT
NetFacebookEgo,forwarding-heavy,100,5,11.62940000,0.07357907,0.00632699,11.53150000,11.72960000,0.01703441,REAL_EXPERIMENT
NetFacebookEgo,forwarding-heavy,150,5,17.38454000,0.09227103,0.00530765,17.31430000,17.54140000,0.01306333,REAL_EXPERIMENT
NetFacebookEgo,forwarding-heavy,200,5,23.08502000,0.07558857,0.00327436,22.98340000,23.18720000,0.00882824,REAL_EXPERIMENT
Netscience,adoption-heavy,10,5,7.83262000,0.06765170,0.00863717,7.75440000,7.92700000,0.02203605,REAL_EXPERIMENT
Netscience,adoption-heavy,25,5,19.52648000,0.12267880,0.00628269,19.32510000,19.64020000,0.01613706,REAL_EXPERIMENT
Netscience,adoption-heavy,50,5,38.98384000,0.07406921,0.00190000,38.88580000,39.04470000,0.00407605,REAL_EXPERIMENT
Netscience,adoption-heavy,100,5,76.97256000,0.17036535,0.00221333,76.77550000,77.21570000,0.00571892,REAL_EXPERIMENT
Netscience,adoption-heavy,150,5,114.38902000,0.23113572,0.00202061,114.03120000,114.58320000,0.00482564,REAL_EXPERIMENT
Netscience,adoption-heavy,200,5,150.19592000,0.51628465,0.00343741,149.47160000,150.82350000,0.00900091,REAL_EXPERIMENT
Netscience,balanced,10,5,6.31872000,0.08045080,0.01273214,6.18450000,6.39190000,0.03282310,REAL_EXPERIMENT
Netscience,balanced,25,5,15.78982000,0.13743716,0.00870416,15.64100000,15.96980000,0.02082354,REAL_EXPERIMENT
Netscience,balanced,50,5,31.12864000,0.12343692,0.00396538,30.98820000,31.28790000,0.00962779,REAL_EXPERIMENT
Netscience,balanced,100,5,61.11708000,0.26800996,0.00438519,60.72760000,61.38430000,0.01074495,REAL_EXPERIMENT
Netscience,balanced,150,5,89.39142000,0.35324842,0.00395170,88.90860000,89.90490000,0.01114536,REAL_EXPERIMENT
Netscience,balanced,200,5,115.53538000,0.47123220,0.00407868,114.98250000,116.05940000,0.00932095,REAL_EXPERIMENT
Netscience,forwarding-heavy,10,5,1.33170000,0.03445736,0.02587472,1.30540000,1.39210000,0.06510475,REAL_EXPERIMENT
Netscience,forwarding-heavy,25,5,3.23542000,0.03047798,0.00942010,3.19910000,3.26840000,0.02141917,REAL_EXPERIMENT
Netscience,forwarding-heavy,50,5,6.40114000,0.07295281,0.01139685,6.35020000,6.51490000,0.02572979,REAL_EXPERIMENT
Netscience,forwarding-heavy,100,5,12.59052000,0.03418519,0.00271515,12.55640000,12.62930000,0.00579007,REAL_EXPERIMENT
Netscience,forwarding-heavy,150,5,18.69742000,0.05307548,0.00283865,18.64740000,18.77850000,0.00701166,REAL_EXPERIMENT
Netscience,forwarding-heavy,200,5,24.57518000,0.13088496,0.00532590,24.44130000,24.72880000,0.01169880,REAL_EXPERIMENT
