dataset,scenario,nodes,edges,k,selection_seed,mean_adopters,ci95,evaluation_variance,mean_redemptions,selection_seconds,rr_samples,eval_simulations,evaluation_seed,status
Netscience,balanced,379,1828,10,20260715,6.36220000,0.02937540,2.24623578,6.38290000,,10000,10000,1811067826206070927,REAL_EXPERIMENT
Netscience,balanced,379,1828,10,20260716,6.31210000,0.02995998,2.33652724,6.31750000,0.29323290,10000,10000,1811067826206070927,REAL_EXPERIMENT
Netscience,balanced,379,1828,10,20260717,6.39190000,0.02963649,2.28634302,6.40850000,0.28878781,10000,10000,1811067826206070927,REAL_EXPERIMENT
Netscience,balanced,379,1828,10,20260718,6.34290000,0.02994219,2.33375297,6.35390000,0.29403166,10000,10000,1811067826206070927,REAL_EXPERIMENT
Netscience,balanced,379,1828,10,20260719,6.18450000,0.02989943,2.32709246,6.24670000,0.29047719,10000,10000,1811067826206070927,REAL_EXPERIMENT
Netscience,balanced,379,1828,25,20260715,15.72460000,0.04644462,5.61511635,15.88400000,,10000,10000,18009889841296001051,REAL_EXPERIMENT
Netscience,balanced,379,1828,25,20260716,15.96980000,0.04669844,5.67665563,16.07770000,0.57620361,10000,10000,18009889841296001051,REAL_EXPERIMENT
Netscience,balanced,379,1828,25,20260717,15.89680000,0.04659656,5.65191495,16.04060000,0.61088980,10000,10000,18009889841296001051,REAL_EXPERIMENT
Netscience,balanced,379,1828,25,20260718,15.64100000,0.04678651,5.69808881,15.80690000,0.57750708,10000,10000,18009889841296001051,REAL_EXPERIMENT
Netscience,balanced,379,1828,25,20260719,15.71690000,0.04679323,5.69972436,15.81470000,0.57993888,10000,10000,18009889841296001051,REAL_EXPERIMENT
Netscience,balanced,379,1828,50,20260715,30.98820000,0.06556070,11.18857962,31.67700000,,10000,10000,775696737130342914,REAL_EXPERIMENT
Netscience,balanced,379,1828,50,20260716,31.28790000,0.06519798,11.06512010,31.86170000,1.07007657,10000,10000,775696737130342914,REAL_EXPERIMENT
Netscience,balanced,379,1828,50,20260717,31.19530000,0.06588250,11.29868778,31.82780000,1.09387690,10000,10000,775696737130342914,REAL_EXPERIMENT
Netscience,balanced,379,1828,50,20260718,31.02360000,0.06585650,11.28977202,31.65840000,1.05023553,10000,10000,775696737130342914,REAL_EXPERIMENT
Netscience,balanced,379,1828,50,20260719,31.14820000,0.06597248,11.32956972,31.79520000,1.06136252,10000,10000,775696737130342914,REAL_EXPERIMENT
Netscience,balanced,379,1828,100,20260715,60.96380000,0.09270225,22.37012657,63.68040000,,10000,10000,3285383837757507460,REAL_EXPERIMENT
Netscience,balanced,379,1828,100,20260716,61.38430000,0.09106298,21.58597211,63.83100000,2.06255684,10000,10000,3285383837757507460,REAL_EXPERIMENT
Netscience,balanced,379,1828,100,20260717,61.29200000,0.09268743,22.36297230,63.86800000,2.10525270,10000,10000,3285383837757507460,REAL_EXPERIMENT
Netscience,balanced,379,1828,100,20260718,61.21770000,0.09189015,21.97990470,63.75200000,2.09249556,10000,10000,3285383837757507460,REAL_EXPERIMENT
Netscience,balanced,379,1828,100,20260719,60.72760000,0.09155399,21.81938018,63.30470000,2.02480462,10000,10000,3285383837757507460,REAL_EXPERIMENT
Netscience,balanced,379,1828,150,20260715,88.90860000,0.10895015,30.89893593,95.45300000,,10000,10000,5565080751037759681,REAL_EXPERIMENT
Netscience,balanced,379,1828,150,20260716,89.39290000,0.11136553,32.28415801,95.43550000,3.00954887,10000,10000,5565080751037759681,REAL_EXPERIMENT
Netscience,balanced,379,1828,150,20260717,89.90490000,0.11121765,32.19847584,95.70200000,2.98115492,10000,10000,5565080751037759681,REAL_EXPERIMENT
Netscience,balanced,379,1828,150,20260718,89.34500000,0.11032510,31.68374337,95.58360000,3.00790248,10000,10000,5565080751037759681,REAL_EXPERIMENT
Netscience,balanced,379,1828,150,20260719,89.40570000,0.10971316,31.33324083,95.65890000,3.00140303,10000,10000,5565080751037759681,REAL_EXPERIMENT
Netscience,balanced,379,1828,200,20260715,116.05940000,0.12686767,41.89766141,127.22100000,,10000,10000,4973598317962668570,REAL_EXPERIMENT
Netscience,balanced,379,1828,200,20260716,115.11880000,0.12431331,40.22750931,127.08530000,4.06069458,10000,10000,4973598317962668570,REAL_EXPERIMENT
Netscience,balanced,379,1828,200,20260717,114.98250000,0.12444476,40.31262501,126.92720000,4.05490909,10000,10000,4973598317962668570,REAL_EXPERIMENT
Netscience,balanced,379,1828,200,20260718,115.62540000,0.12459885,40.41251609,127.13960000,4.02696282,10000,10000,4973598317962668570,REAL_EXPERIMENT
Netscience,balanced,379,1828,200,20260719,115.89080000,0.12527200,40.85036040,127.34400000,3.96654884,10000,10000,4973598317962668570,REAL_EXPERIMENT
Netscience,adoption-heavy,379,1828,10,20260715,7.83460000,0.02555236,1.69961280,7.83560000,,20000,10000,3733663499191329088,REAL_EXPERIMENT
Netscience,adoption-heavy,379,1828,10,20260716,7.75440000,0.02595691,1.75385603,7.76140000,0.57428636,20000,10000,3733663499191329088,REAL_EXPERIMENT
Netscience,adoption-heavy,379,1828,10,20260717,7.78410000,0.02560977,1.70725792,7.78730000,0.58469572,20000,10000,3733663499191329088,REAL_EXPERIMENT
Netscience,adoption-heavy,379,1828,10,20260718,7.86300000,0.02541054,1.68079908,7.86970000,0.60673364,20000,10000,3733663499191329088,REAL_EXPERIMENT
Netscience,adoption-heavy,379,1828,10,20260719,7.92700000,0.02512652,1.64343534,7.92930000,0.57845974,20000,10000,3733663499191329088,REAL_EXPERIMENT
Netscience,adoption-heavy,379,1828,25,20260715,19.64020000,0.03983556,4.13075704,19.66100000,,20000,10000,5150466323900751122,REAL_EXPERIMENT
Netscience,adoption-heavy,379,1828,25,20260716,19.50620000,0.04020907,4.20858242,19.58610000,1.16153879,20000,10000,5150466323900751122,REAL_EXPERIMENT
Netscience,adoption-heavy,379,1828,25,20260717,19.32510000,0.04064267,4.29983997,19.45900000,1.17334806,20000,10000,5150466323900751122,REAL_EXPERIMENT
Netscience,adoption-heavy,379,1828,25,20260718,19.56500000,0.04001277,4.16759176,19.59680000,1.15580467,20000,10000,5150466323900751122,REAL_EXPERIMENT
Netscience,adoption-heavy,379,1828,25,20260719,19.59590000,0.04034662,4.23742693,19.65930000,1.16021686,20000,10000,5150466323900751122,REAL_EXPERIMENT
Netscience,adoption-heavy,379,1828,50,20260715,39.04470000,0.05706108,8.47554946,39.26160000,,20000,10000,17714517379270452833,REAL_EXPERIMENT
Netscience,adoption-heavy,379,1828,50,20260716,39.03570000,0.05677665,8.39126464,39.28400000,2.14247528,20000,10000,17714517379270452833,REAL_EXPERIMENT
Netscience,adoption-heavy,379,1828,50,20260717,38.88580000,0.05688999,8.42480084,39.27950000,2.12938588,20000,10000,17714517379270452833,REAL_EXPERIMENT
Netscience,adoption-heavy,379,1828,50,20260718,39.03050000,0.05595786,8.15098485,39.23370000,2.10504212,20000,10000,17714517379270452833,REAL_EXPERIMENT
Netscience,adoption-heavy,379,1828,50,20260719,38.92250000,0.05690463,8.42913666,39.17640000,2.11546072,20000,10000,17714517379270452833,REAL_EXPERIMENT
Netscience,adoption-heavy,379,1828,100,20260715,76.91180000,0.08183831,17.43416418,78.19100000,,20000,10000,7040034598274798936,REAL_EXPERIMENT
Netscience,adoption-heavy,379,1828,100,20260716,76.89520000,0.08117319,17.15193215,78.22520000,4.07628965,20000,10000,7040034598274798936,REAL_EXPERIMENT
Netscience,adoption-heavy,379,1828,100,20260717,76.77550000,0.08098574,17.07280703,78.07800000,4.10677180,20000,10000,7040034598274798936,REAL_EXPERIMENT
Netscience,adoption-heavy,379,1828,100,20260718,77.06460000,0.08055413,16.89131597,78.17860000,4.04789330,20000,10000,7040034598274798936,REAL_EXPERIMENT
Netscience,adoption-heavy,379,1828,100,20260719,77.21570000,0.08135321,17.22809632,78.32410000,4.14502038,20000,10000,7040034598274798936,REAL_EXPERIMENT
Netscience,adoption-heavy,379,1828,150,20260715,114.58320000,0.09791445,24.95637340,117.51220000,,20000,10000,18070289497018385129,REAL_EXPERIMENT
Netscience,adoption-heavy,379,1828,150,20260716,114.47390000,0.09870747,25.36225502,117.64290000,6.22403566,20000,10000,18070289497018385129,REAL_EXPERIMENT
Netscience,adoption-heavy,379,1828,150,20260717,114.56560000,0.09896204,25.49324596,117.65840000,6.23334147,20000,10000,18070289497018385129,REAL_EXPERIMENT
Netscience,adoption-heavy,379,1828,150,20260718,114.29120000,0.09758691,24.78968153,117.40860000,6.27015864,20000,10000,18070289497018385129,REAL_EXPERIMENT
Netscience,adoption-heavy,379,1828,150,20260719,114.03120000,0.09846138,25.23595016,117.31130000,6.37346484,20000,10000,18070289497018385129,REAL_EXPERIMENT
Netscience,adoption-heavy,379,1828,200,20260715,150.82350000,0.11341017,33.48049580,156.77610000,,20000,10000,10285363072598114956,REAL_EXPERIMENT
Netscience,adoption-heavy,379,1828,200,20260716,149.47160000,0.11321563,33.36573001,156.28470000,8.36323163,20000,10000,10285363072598114956,REAL_EXPERIMENT
Netscience,adoption-heavy,379,1828,200,20260717,150.40340000,0.11452487,34.14188263,156.68630000,8.35230484,20000,10000,10285363072598114956,REAL_EXPERIMENT
Netscience,adoption-heavy,379,1828,200,20260718,149.91860000,0.11540263,34.66724076,156.43430000,8.35623355,20000,10000,10285363072598114956,REAL_EXPERIMENT
Netscience,adoption-heavy,379,1828,200,20260719,150.36250000,0.11501499,34.43473722,156.54270000,8.29024515,20000,10000,10285363072598114956,REAL_EXPERIMENT
Netscience,forwarding-heavy,379,1828,10,20260715,1.39210000,0.02141588,1.19387698,1.39700000,,20000,10000,9153865062038113755,REAL_EXPERIMENT
Netscience,forwarding-heavy,379,1828,10,20260716,1.30540000,0.02089074,1.13604444,1.30590000,0.42329548,20000,10000,9153865062038113755,REAL_EXPERIMENT
Netscience,forwarding-heavy,379,1828,10,20260717,1.31760000,0.02090728,1.13784402,1.31840000,0.42368854,20000,10000,9153865062038113755,REAL_EXPERIMENT
Netscience,forwarding-heavy,379,1828,10,20260718,1.31940000,0.02072875,1.11849549,1.32100000,0.42478520,20000,10000,9153865062038113755,REAL_EXPERIMENT
Netscience,forwarding-heavy,379,1828,10,20260719,1.32400000,0.02103455,1.15173917,1.32520000,0.42499980,20000,10000,9153865062038113755,REAL_EXPERIMENT
Netscience,forwarding-heavy,379,1828,25,20260715,3.26480000,0.03286589,2.81176214,3.27590000,,20000,10000,13057886336136236580,REAL_EXPERIMENT
Netscience,forwarding-heavy,379,1828,25,20260716,3.21510000,0.03263332,2.77210920,3.22750000,0.51947563,20000,10000,13057886336136236580,REAL_EXPERIMENT
Netscience,forwarding-heavy,379,1828,25,20260717,3.26840000,0.03315847,2.86204764,3.28040000,0.51657872,20000,10000,13057886336136236580,REAL_EXPERIMENT
Netscience,forwarding-heavy,379,1828,25,20260718,3.19910000,0.03284705,2.80854004,3.21020000,0.51778347,20000,10000,13057886336136236580,REAL_EXPERIMENT
Netscience,forwarding-heavy,379,1828,25,20260719,3.22970000,0.03267747,2.77961587,3.24220000,0.51829795,20000,10000,13057886336136236580,REAL_EXPERIMENT
Netscience,forwarding-heavy,379,1828,50,20260715,6.43450000,0.04609903,5.53186294,6.48250000,,20000,10000,1365079527500757873,REAL_EXPERIMENT
Netscience,forwarding-heavy,379,1828,50,20260716,6.35570000,0.04566640,5.42852036,6.40060000,0.69604241,20000,10000,1365079527500757873,REAL_EXPERIMENT
Netscience,forwarding-heavy,379,1828,50,20260717,6.51490000,0.04660740,5.65454344,6.56600000,0.69398444,20000,10000,1365079527500757873,REAL_EXPERIMENT
Netscience,forwarding-heavy,379,1828,50,20260718,6.35040000,0.04586889,5.47676752,6.38820000,0.69059759,20000,10000,1365079527500757873,REAL_EXPERIMENT
Netscience,forwarding-heavy,379,1828,50,20260719,6.35020000,0.04565707,5.42630259,6.39100000,0.69894742,20000,10000,1365079527500757873,REAL_EXPERIMENT
Netscience,forwarding-heavy,379,1828,100,20260715,12.55640000,0.06379395,10.59367841,12.74870000,,20000,10000,13192953320108787949,REAL_EXPERIMENT
Netscience,forwarding-heavy,379,1828,100,20260716,12.55860000,0.06380161,10.59622566,12.74970000,1.09222278,20000,10000,13192953320108787949,REAL_EXPERIMENT
Netscience,forwarding-heavy,379,1828,100,20260717,12.62930000,0.06465912,10.88296981,12.79760000,1.07324978,20000,10000,13192953320108787949,REAL_EXPERIMENT
Netscience,forwarding-heavy,379,1828,100,20260718,12.62170000,0.06422422,10.73706282,12.81510000,1.11388400,20000,10000,13192953320108787949,REAL_EXPERIMENT
Netscience,forwarding-heavy,379,1828,100,20260719,12.58660000,0.06371223,10.56655710,12.76650000,1.09280476,20000,10000,13192953320108787949,REAL_EXPERIMENT
Netscience,forwarding-heavy,379,1828,150,20260715,18.64740000,0.07805541,15.85965921,19.06010000,,20000,10000,11118185207352995300,REAL_EXPERIMENT
Netscience,forwarding-heavy,379,1828,150,20260716,18.69500000,0.07689226,15.39051405,19.07520000,1.51822315,20000,10000,11118185207352995300,REAL_EXPERIMENT
Netscience,forwarding-heavy,379,1828,150,20260717,18.65330000,0.07751413,15.64046316,19.05000000,1.52502241,20000,10000,11118185207352995300,REAL_EXPERIMENT
Netscience,forwarding-heavy,379,1828,150,20260718,18.77850000,0.07678492,15.34757251,19.19710000,1.51810314,20000,10000,11118185207352995300,REAL_EXPERIMENT
Netscience,forwarding-heavy,379,1828,150,20260719,18.71290000,0.07808149,15.87026062,19.09270000,1.52969004,20000,10000,11118185207352995300,REAL_EXPERIMENT
Netscience,forwarding-heavy,379,1828,200,20260715,24.72880000,0.08751887,19.93844440,25.44450000,,20000,10000,3339089336772309346,REAL_EXPERIMENT
Netscience,forwarding-heavy,379,1828,200,20260716,24.44130000,0.08827615,20.28498281,25.14580000,1.94587716,20000,10000,3339089336772309346,REAL_EXPERIMENT
Netscience,forwarding-heavy,379,1828,200,20260717,24.55380000,0.08890229,20.57376294,25.29880000,1.93398996,20000,10000,3339089336772309346,REAL_EXPERIMENT
Netscience,forwarding-heavy,379,1828,200,20260718,24.69120000,0.08777879,20.05704826,25.40500000,1.94921556,20000,10000,3339089336772309346,REAL_EXPERIMENT
Netscience,forwarding-heavy,379,1828,200,20260719,24.46080000,0.08842120,20.35169853,25.17330000,2.01292274,20000,10000,3339089336772309346,REAL_EXPERIMENT
NetFacebookEgo,balanced,2888,5962,10,20260715,6.30810000,0.02944700,2.25720011,6.42300000,,10000,10000,2289134876308648911,REAL_EXPERIMENT
NetFacebookEgo,balanced,2888,5962,10,20260716,6.17470000,0.02928874,2.23300321,6.39480000,0.22363603,10000,10000,2289134876308648911,REAL_EXPERIMENT
NetFacebookEgo,balanced,2888,5962,10,20260717,6.27500000,0.02968610,2.29400440,6.42190000,0.23751601,10000,10000,2289134876308648911,REAL_EXPERIMENT
NetFacebookEgo,balanced,2888,5962,10,20260718,6.33620000,0.02967442,2.29219878,6.43200000,0.21568579,10000,10000,2289134876308648911,REAL_EXPERIMENT
NetFacebookEgo,balanced,2888,5962,10,20260719,6.31600000,0.02962631,2.28477248,6.43050000,0.20939384,10000,10000,2289134876308648911,REAL_EXPERIMENT
NetFacebookEgo,balanced,2888,5962,25,20260715,15.22230000,0.04657402,5.64644735,16.08810000,,10000,10000,14205827669001147007,REAL_EXPERIMENT
NetFacebookEgo,balanced,2888,5962,25,20260716,15.37530000,0.04633984,5.58980889,16.12630000,0.39569919,10000,10000,14205827669001147007,REAL_EXPERIMENT
NetFacebookEgo,balanced,2888,5962,25,20260717,15.15010000,0.04653311,5.63653364,16.07940000,0.40594885,10000,10000,14205827669001147007,REAL_EXPERIMENT
NetFacebookEgo,balanced,2888,5962,25,20260718,15.21330000,0.04648121,5.62396551,16.08880000,0.47004187,10000,10000,14205827669001147007,REAL_EXPERIMENT
NetFacebookEgo,balanced,2888,5962,25,20260719,15.37830000,0.04655796,5.64255337,16.13270000,0.39200223,10000,10000,14205827669001147007,REAL_EXPERIMENT
NetFacebookEgo,balanced,2888,5962,50,20260715,28.99200000,0.06578147,11.26406241,32.14230000,,10000,10000,11377988195316102179,REAL_EXPERIMENT
NetFacebookEgo,balanced,2888,5962,50,20260716,29.43780000,0.06584451,11.28565973,32.23580000,0.72215897,10000,10000,11377988195316102179,REAL_EXPERIMENT
NetFacebookEgo,balanced,2888,5962,50,20260717,29.05470000,0.06642306,11.48485640,32.18800000,0.71417889,10000,10000,11377988195316102179,REAL_EXPERIMENT
NetFacebookEgo,balanced,2888,5962,50,20260718,29.29960000,0.06654999,11.52879272,32.23970000,0.69449509,10000,10000,11377988195316102179,REAL_EXPERIMENT
NetFacebookEgo,balanced,2888,5962,50,20260719,29.31810000,0.06625628,11.42725512,32.21980000,0.71353830,10000,10000,11377988195316102179,REAL_EXPERIMENT
NetFacebookEgo,balanced,2888,5962,100,20260715,55.68400000,0.09445424,23.22366637,64.55920000,,10000,10000,7997751663793383143,REAL_EXPERIMENT
NetFacebookEgo,balanced,2888,5962,100,20260716,55.26970000,0.09475602,23.37229914,64.45060000,1.34725902,10000,10000,7997751663793383143,REAL_EXPERIMENT
NetFacebookEgo,balanced,2888,5962,100,20260717,55.45470000,0.09408827,23.04405232,64.49160000,1.42754000,10000,10000,7997751663793383143,REAL_EXPERIMENT
NetFacebookEgo,balanced,2888,5962,100,20260718,55.17300000,0.09410894,23.05417642,64.45550000,1.33112170,10000,10000,7997751663793383143,REAL_EXPERIMENT
NetFacebookEgo,balanced,2888,5962,100,20260719,55.66460000,0.09446677,23.22982982,64.52680000,1.35654893,10000,10000,7997751663793383143,REAL_EXPERIMENT
NetFacebookEgo,balanced,2888,5962,150,20260715,80.14830000,0.11752239,35.95250236,96.43430000,,10000,10000,11672146534065388305,REAL_EXPERIMENT
NetFacebookEgo,balanced,2888,5962,150,20260716,79.78510000,0.11856717,36.59457745,96.41180000,2.09912876,10000,10000,11672146534065388305,REAL_EXPERIMENT
NetFacebookEgo,balanced,2888,5962,150,20260717,80.39330000,0.11833022,36.44845996,96.65090000,2.14362132,10000,10000,11672146534065388305,REAL_EXPERIMENT
NetFacebookEgo,balanced,2888,5962,150,20260718,80.02580000,0.11800463,36.24815918,96.43700000,2.06032292,10000,10000,11672146534065388305,REAL_EXPERIMENT
NetFacebookEgo,balanced,2888,5962,150,20260719,80.13590000,0.11910984,36.93032422,96.46260000,2.15634260,10000,10000,11672146534065388305,REAL_EXPERIMENT
NetFacebookEgo,balanced,2888,5962,200,20260715,104.31540000,0.13540592,47.72689553,128.44300000,,10000,10000,14333004559172448254,REAL_EXPERIMENT
NetFacebookEgo,balanced,2888,5962,200,20260716,104.74530000,0.13621627,48.29985790,128.55170000,2.84612734,10000,10000,14333004559172448254,REAL_EXPERIMENT
NetFacebookEgo,balanced,2888,5962,200,20260717,105.04360000,0.13583196,48.02770181,128.74100000,2.88676530,10000,10000,14333004559172448254,REAL_EXPERIMENT
NetFacebookEgo,balanced,2888,5962,200,20260718,104.61910000,0.13722872,49.02051724,128.62610000,2.61006927,10000,10000,14333004559172448254,REAL_EXPERIMENT
NetFacebookEgo,balanced,2888,5962,200,20260719,104.86570000,0.13636770,48.40730424,128.68140000,2.69786582,10000,10000,14333004559172448254,REAL_EXPERIMENT
NetFacebookEgo,adoption-heavy,2888,5962,10,20260715,8.21410000,0.02371201,1.46360755,8.22280000,,20000,10000,3285316839526604722,REAL_EXPERIMENT
NetFacebookEgo,adoption-heavy,2888,5962,10,20260716,8.21960000,0.02371942,1.46452229,8.22610000,0.47702271,20000,10000,3285316839526604722,REAL_EXPERIMENT
NetFacebookEgo,adoption-heavy,2888,5962,10,20260717,8.21430000,0.02377766,1.47172268,8.22000000,0.47261155,20000,10000,3285316839526604722,REAL_EXPERIMENT
NetFacebookEgo,adoption-heavy,2888,5962,10,20260718,8.20680000,0.02377813,1.47178094,8.21450000,0.47494015,20000,10000,3285316839526604722,REAL_EXPERIMENT
NetFacebookEgo,adoption-heavy,2888,5962,10,20260719,8.21890000,0.02351777,1.43972676,8.22960000,0.48829370,20000,10000,3285316839526604722,REAL_EXPERIMENT
NetFacebookEgo,adoption-heavy,2888,5962,25,20260715,20.45550000,0.03768193,3.69618937,20.57020000,,20000,10000,11211577988686974736,REAL_EXPERIMENT
NetFacebookEgo,adoption-heavy,2888,5962,25,20260716,20.48230000,0.03781154,3.72165888,20.56830000,0.92759913,20000,10000,11211577988686974736,REAL_EXPERIMENT
NetFacebookEgo,adoption-heavy,2888,5962,25,20260717,20.45950000,0.03786775,3.73273302,20.54270000,0.91818517,20000,10000,11211577988686974736,REAL_EXPERIMENT
NetFacebookEgo,adoption-heavy,2888,5962,25,20260718,20.50000000,0.03789838,3.73877388,20.56090000,0.90109628,20000,10000,11211577988686974736,REAL_EXPERIMENT
NetFacebookEgo,adoption-heavy,2888,5962,25,20260719,20.48660000,0.03755939,3.67218766,20.56440000,0.93100519,20000,10000,11211577988686974736,REAL_EXPERIMENT
NetFacebookEgo,adoption-heavy,2888,5962,50,20260715,40.84490000,0.05321673,7.37198119,41.09200000,,20000,10000,15515022512318409042,REAL_EXPERIMENT
NetFacebookEgo,adoption-heavy,2888,5962,50,20260716,40.71830000,0.05368646,7.50269538,41.05550000,1.62759867,20000,10000,15515022512318409042,REAL_EXPERIMENT
NetFacebookEgo,adoption-heavy,2888,5962,50,20260717,40.85360000,0.05304797,7.32529957,41.10940000,1.65203847,20000,10000,15515022512318409042,REAL_EXPERIMENT
NetFacebookEgo,adoption-heavy,2888,5962,50,20260718,40.78820000,0.05309421,7.33807457,41.10350000,1.67415929,20000,10000,15515022512318409042,REAL_EXPERIMENT
NetFacebookEgo,adoption-heavy,2888,5962,50,20260719,40.84780000,0.05313289,7.34877004,41.09130000,1.61591279,20000,10000,15515022512318409042,REAL_EXPERIMENT
NetFacebookEgo,adoption-heavy,2888,5962,100,20260715,81.20570000,0.07739580,15.59274678,82.20480000,,20000,10000,6451633349777754023,REAL_EXPERIMENT
NetFacebookEgo,adoption-heavy,2888,5962,100,20260716,81.20450000,0.07742729,15.60544029,82.23090000,3.07881875,20000,10000,6451633349777754023,REAL_EXPERIMENT
NetFacebookEgo,adoption-heavy,2888,5962,100,20260717,81.24450000,0.07691660,15.40025978,82.23370000,3.12465976,20000,10000,6451633349777754023,REAL_EXPERIMENT
NetFacebookEgo,adoption-heavy,2888,5962,100,20260718,81.15100000,0.07727511,15.54415342,82.23000000,3.09231053,20000,10000,6451633349777754023,REAL_EXPERIMENT
NetFacebookEgo,adoption-heavy,2888,5962,100,20260719,81.30560000,0.07662456,15.28353699,82.24640000,3.00298985,20000,10000,6451633349777754023,REAL_EXPERIMENT
NetFacebookEgo,adoption-heavy,2888,5962,150,20260715,121.10060000,0.09405383,23.02718236,123.30820000,,20000,10000,4235570552913524198,REAL_EXPERIMENT
NetFacebookEgo,adoption-heavy,2888,5962,150,20260716,121.38870000,0.09421694,23.10712302,123.37310000,4.40721353,20000,10000,4235570552913524198,REAL_EXPERIMENT
NetFacebookEgo,adoption-heavy,2888,5962,150,20260717,121.14330000,0.09487434,23.43070818,123.33800000,4.63802731,20000,10000,4235570552913524198,REAL_EXPERIMENT
NetFacebookEgo,adoption-heavy,2888,5962,150,20260718,120.99730000,0.09490132,23.44403711,123.27490000,4.77155485,20000,10000,4235570552913524198,REAL_EXPERIMENT
NetFacebookEgo,adoption-heavy,2888,5962,150,20260719,121.19850000,0.09419836,23.09800755,123.29220000,4.62787056,20000,10000,4235570552913524198,REAL_EXPERIMENT
NetFacebookEgo,adoption-heavy,2888,5962,200,20260715,161.14980000,0.10863464,30.72023198,164.50780000,,20000,10000,10050799732914908075,REAL_EXPERIMENT
NetFacebookEgo,adoption-heavy,2888,5962,200,20260716,161.17950000,0.10957470,31.25420517,164.55820000,6.37921062,20000,10000,10050799732914908075,REAL_EXPERIMENT
NetFacebookEgo,adoption-heavy,2888,5962,200,20260717,160.96920000,0.10908760,30.97694905,164.53910000,6.31052639,20000,10000,10050799732914908075,REAL_EXPERIMENT
NetFacebookEgo,adoption-heavy,2888,5962,200,20260718,160.98240000,0.10904047,30.95018526,164.54130000,6.08922554,20000,10000,10050799732914908075,REAL_EXPERIMENT
NetFacebookEgo,adoption-heavy,2888,5962,200,20260719,161.07120000,0.10931467,31.10604116,164.48470000,5.99713674,20000,10000,10050799732914908075,REAL_EXPERIMENT
NetFacebookEgo,forwarding-heavy,2888,5962,10,20260715,1.17740000,0.01978563,1.01903114,1.17890000,,20000,10000,16018651203220005244,REAL_EXPERIMENT
NetFacebookEgo,forwarding-heavy,2888,5962,10,20260716,1.17220000,0.01993861,1.03485065,1.17330000,0.30940432,20000,10000,16018651203220005244,REAL_EXPERIMENT
NetFacebookEgo,forwarding-heavy,2888,5962,10,20260717,1.18070000,0.01985075,1.02575009,1.18250000,0.30251440,20000,10000,16018651203220005244,REAL_EXPERIMENT
NetFacebookEgo,forwarding-heavy,2888,5962,10,20260718,1.19240000,0.01980749,1.02128437,1.19480000,0.33249298,20000,10000,16018651203220005244,REAL_EXPERIMENT
NetFacebookEgo,forwarding-heavy,2888,5962,10,20260719,1.17490000,0.01975240,1.01561155,1.17620000,0.35499902,20000,10000,16018651203220005244,REAL_EXPERIMENT
NetFacebookEgo,forwarding-heavy,2888,5962,25,20260715,2.93320000,0.03144438,2.57379514,2.94240000,,20000,10000,7743648540825559251,REAL_EXPERIMENT
NetFacebookEgo,forwarding-heavy,2888,5962,25,20260716,2.94190000,0.03128997,2.54857925,2.95290000,0.46746439,20000,10000,7743648540825559251,REAL_EXPERIMENT
NetFacebookEgo,forwarding-heavy,2888,5962,25,20260717,2.95950000,0.03152566,2.58711846,2.96890000,0.43611301,20000,10000,7743648540825559251,REAL_EXPERIMENT
NetFacebookEgo,forwarding-heavy,2888,5962,25,20260718,2.96890000,0.03152733,2.58739153,2.98120000,0.44107927,20000,10000,7743648540825559251,REAL_EXPERIMENT
NetFacebookEgo,forwarding-heavy,2888,5962,25,20260719,2.92960000,0.03137408,2.56230007,2.93800000,0.48418058,20000,10000,7743648540825559251,REAL_EXPERIMENT
NetFacebookEgo,forwarding-heavy,2888,5962,50,20260715,5.84500000,0.04469185,5.19929493,5.88710000,,20000,10000,18188938986417106300,REAL_EXPERIMENT
NetFacebookEgo,forwarding-heavy,2888,5962,50,20260716,5.87780000,0.04354095,4.93496066,5.91410000,0.51666584,20000,10000,18188938986417106300,REAL_EXPERIMENT
NetFacebookEgo,forwarding-heavy,2888,5962,50,20260717,5.81950000,0.04413190,5.06982673,5.85220000,0.51014879,20000,10000,18188938986417106300,REAL_EXPERIMENT
NetFacebookEgo,forwarding-heavy,2888,5962,50,20260718,5.91000000,0.04464164,5.18761876,5.94600000,0.50676080,20000,10000,18188938986417106300,REAL_EXPERIMENT
NetFacebookEgo,forwarding-heavy,2888,5962,50,20260719,5.89460000,0.04481425,5.22781362,5.93290000,0.48539189,20000,10000,18188938986417106300,REAL_EXPERIMENT
NetFacebookEgo,forwarding-heavy,2888,5962,100,20260715,11.72960000,0.06244284,10.14969881,11.87720000,,20000,10000,6193752381692235016,REAL_EXPERIMENT
NetFacebookEgo,forwarding-heavy,2888,5962,100,20260716,11.66150000,0.06258307,10.19533728,11.80770000,0.78841536,20000,10000,6193752381692235016,REAL_EXPERIMENT
NetFacebookEgo,forwarding-heavy,2888,5962,100,20260717,11.53150000,0.06188948,9.97060481,11.66540000,0.80561719,20000,10000,6193752381692235016,REAL_EXPERIMENT
NetFacebookEgo,forwarding-heavy,2888,5962,100,20260718,11.62650000,0.06178320,9.93639139,11.75770000,0.80431366,20000,10000,6193752381692235016,REAL_EXPERIMENT
NetFacebookEgo,forwarding-heavy,2888,5962,100,20260719,11.59790000,0.06213979,10.05142073,11.72760000,0.79149942,20000,10000,6193752381692235016,REAL_EXPERIMENT
NetFacebookEgo,forwarding-heavy,2888,5962,150,20260715,17.37980000,0.07614761,15.09386135,17.69850000,,20000,10000,14682115660974376593,REAL_EXPERIMENT
NetFacebookEgo,forwarding-heavy,2888,5962,150,20260716,17.31430000,0.07503391,14.65558107,17.65660000,1.15141421,20000,10000,14682115660974376593,REAL_EXPERIMENT
NetFacebookEgo,forwarding-heavy,2888,5962,150,20260717,17.31970000,0.07568794,14.91218313,17.65440000,1.17240631,20000,10000,14682115660974376593,REAL_EXPERIMENT
NetFacebookEgo,forwarding-heavy,2888,5962,150,20260718,17.36750000,0.07616751,15.10175393,17.71000000,1.13809230,20000,10000,14682115660974376593,REAL_EXPERIMENT
NetFacebookEgo,forwarding-heavy,2888,5962,150,20260719,17.54140000,0.07634647,15.17280332,17.84720000,1.16193701,20000,10000,14682115660974376593,REAL_EXPERIMENT
NetFacebookEgo,forwarding-heavy,2888,5962,200,20260715,23.18720000,0.08722052,19.80273643,23.79420000,,20000,10000,5409239640330360616,REAL_EXPERIMENT
NetFacebookEgo,forwarding-heavy,2888,5962,200,20260716,23.11880000,0.08723843,19.81086765,23.76290000,1.50838481,20000,10000,5409239640330360616,REAL_EXPERIMENT
NetFacebookEgo,forwarding-heavy,2888,5962,200,20260717,22.98340000,0.08674873,19.58908335,23.50890000,1.52044051,20000,10000,5409239640330360616,REAL_EXPERIMENT
NetFacebookEgo,forwarding-heavy,2888,5962,200,20260718,23.05450000,0.08742549,19.89591934,23.58700000,1.47550150,20000,10000,5409239640330360616,REAL_EXPERIMENT
NetFacebookEgo,forwarding-heavy,2888,5962,200,20260719,23.08120000,0.08586752,19.19312587,23.60640000,1.42635013,20000,10000,5409239640330360616,REAL_EXPERIMENT
DoubanRandom,balanced,4723,11774,10,20260715,6.46490000,0.02944566,2.25699369,6.46500000,,10000,10000,8836500078292280361,REAL_EXPERIMENT
DoubanRandom,balanced,4723,11774,10,20260716,6.41990000,0.02965638,2.28941293,6.42000000,0.25793350,10000,10000,8836500078292280361,REAL_EXPERIMENT
DoubanRandom,balanced,4723,11774,10,20260717,6.53520000,0.02922690,2.22358332,6.54000000,0.25461807,10000,10000,8836500078292280361,REAL_EXPERIMENT
DoubanRandom,balanced,4723,11774,10,20260718,6.43700000,0.02972010,2.29926093,6.43720000,0.25432693,10000,10000,8836500078292280361,REAL_EXPERIMENT
DoubanRandom,balanced,4723,11774,10,20260719,6.43540000,0.02942516,2.25385223,6.43590000,0.24763992,10000,10000,8836500078292280361,REAL_EXPERIMENT
DoubanRandom,balanced,4723,11774,25,20260715,16.08290000,0.04637373,5.59798739,16.15630000,,10000,10000,9264130579075849949,REAL_EXPERIMENT
DoubanRandom,balanced,4723,11774,25,20260716,16.09280000,0.04679172,5.69935810,16.13690000,0.48560106,10000,10000,9264130579075849949,REAL_EXPERIMENT
DoubanRandom,balanced,4723,11774,25,20260717,16.17370000,0.04698077,5.74550286,16.22110000,0.49160733,10000,10000,9264130579075849949,REAL_EXPERIMENT
DoubanRandom,balanced,4723,11774,25,20260718,16.09250000,0.04661879,5.65730948,16.09530000,0.49542779,10000,10000,9264130579075849949,REAL_EXPERIMENT
DoubanRandom,balanced,4723,11774,25,20260719,16.06610000,0.04680134,5.70170096,16.06840000,0.49313434,10000,10000,9264130579075849949,REAL_EXPERIMENT
DoubanRandom,balanced,4723,11774,50,20260715,32.13040000,0.06697112,11.67516336,32.20390000,,10000,10000,9665503143452477669,REAL_EXPERIMENT
DoubanRandom,balanced,4723,11774,50,20260716,32.21490000,0.06598960,11.33545154,32.31490000,0.91436939,10000,10000,9665503143452477669,REAL_EXPERIMENT
DoubanRandom,balanced,4723,11774,50,20260717,32.19950000,0.06711468,11.72527228,32.27510000,0.90302332,10000,10000,9665503143452477669,REAL_EXPERIMENT
DoubanRandom,balanced,4723,11774,50,20260718,32.20260000,0.06645499,11.49590283,32.26050000,0.88376426,10000,10000,9665503143452477669,REAL_EXPERIMENT
DoubanRandom,balanced,4723,11774,50,20260719,32.17430000,0.06660216,11.54687420,32.22620000,0.89276509,10000,10000,9665503143452477669,REAL_EXPERIMENT
DoubanRandom,balanced,4723,11774,100,20260715,64.42010000,0.09376158,22.88430442,64.67280000,,10000,10000,739357433219629203,REAL_EXPERIMENT
DoubanRandom,balanced,4723,11774,100,20260716,64.21290000,0.09396493,22.98367196,64.34850000,1.73813859,10000,10000,739357433219629203,REAL_EXPERIMENT
DoubanRandom,balanced,4723,11774,100,20260717,64.14750000,0.09378888,22.89763351,64.33020000,1.73769252,10000,10000,739357433219629203,REAL_EXPERIMENT
DoubanRandom,balanced,4723,11774,100,20260718,64.44530000,0.09338177,22.69927784,64.76630000,1.71133346,10000,10000,739357433219629203,REAL_EXPERIMENT
DoubanRandom,balanced,4723,11774,100,20260719,64.40670000,0.09406489,23.03259837,64.61100000,1.75508745,10000,10000,739357433219629203,REAL_EXPERIMENT
DoubanRandom,balanced,4723,11774,150,20260715,95.93020000,0.11444644,34.09513747,96.55390000,,10000,10000,4773633434089201691,REAL_EXPERIMENT
DoubanRandom,balanced,4723,11774,150,20260716,96.01990000,0.11420108,33.94909890,96.45670000,2.70051047,10000,10000,4773633434089201691,REAL_EXPERIMENT
DoubanRandom,balanced,4723,11774,150,20260717,96.34320000,0.11422985,33.96621038,96.70850000,2.70975263,10000,10000,4773633434089201691,REAL_EXPERIMENT
DoubanRandom,balanced,4723,11774,150,20260718,95.81040000,0.11435161,34.03865571,96.30700000,2.60826768,10000,10000,4773633434089201691,REAL_EXPERIMENT
DoubanRandom,balanced,4723,11774,150,20260719,96.33030000,0.11260418,33.00630254,96.91000000,2.70341253,10000,10000,4773633434089201691,REAL_EXPERIMENT
DoubanRandom,balanced,4723,11774,200,20260715,127.76730000,0.13317788,46.16916763,128.71690000,,10000,10000,6821076304957457450,REAL_EXPERIMENT
DoubanRandom,balanced,4723,11774,200,20260716,128.20530000,0.13130660,44.88083999,128.93560000,3.62313147,10000,10000,6821076304957457450,REAL_EXPERIMENT
DoubanRandom,balanced,4723,11774,200,20260717,128.04550000,0.13175275,45.18634838,129.04160000,3.56160289,10000,10000,6821076304957457450,REAL_EXPERIMENT
DoubanRandom,balanced,4723,11774,200,20260718,127.90380000,0.13137533,44.92783834,128.78730000,3.60457812,10000,10000,6821076304957457450,REAL_EXPERIMENT
DoubanRandom,balanced,4723,11774,200,20260719,128.17730000,0.13341612,46.33449816,129.16900000,3.54089909,10000,10000,6821076304957457450,REAL_EXPERIMENT
DoubanRandom,adoption-heavy,4723,11774,10,20260715,8.10810000,0.02402391,1.50236463,8.10810000,,20000,10000,12288385490529007721,REAL_EXPERIMENT
DoubanRandom,adoption-heavy,4723,11774,10,20260716,7.94910000,0.02505178,1.63367256,7.94910000,0.51882286,20000,10000,12288385490529007721,REAL_EXPERIMENT
DoubanRandom,adoption-heavy,4723,11774,10,20260717,7.94290000,0.02476745,1.59679927,7.94400000,0.51809515,20000,10000,12288385490529007721,REAL_EXPERIMENT
DoubanRandom,adoption-heavy,4723,11774,10,20260718,7.93420000,0.02487603,1.61083144,7.93420000,0.51619924,20000,10000,12288385490529007721,REAL_EXPERIMENT
DoubanRandom,adoption-heavy,4723,11774,10,20260719,8.05770000,0.02416071,1.51952266,8.05770000,0.51922115,20000,10000,12288385490529007721,REAL_EXPERIMENT
DoubanRandom,adoption-heavy,4723,11774,25,20260715,20.17110000,0.03840604,3.83960875,20.17110000,,20000,10000,4901876644094671193,REAL_EXPERIMENT
DoubanRandom,adoption-heavy,4723,11774,25,20260716,20.15870000,0.03912698,3.98511282,20.15900000,1.00165217,20000,10000,4901876644094671193,REAL_EXPERIMENT
DoubanRandom,adoption-heavy,4723,11774,25,20260717,20.20350000,0.03917494,3.99488724,20.21070000,1.01011549,20000,10000,4901876644094671193,REAL_EXPERIMENT
DoubanRandom,adoption-heavy,4723,11774,25,20260718,20.15270000,0.03816700,3.79196191,20.15280000,0.99114586,20000,10000,4901876644094671193,REAL_EXPERIMENT
DoubanRandom,adoption-heavy,4723,11774,25,20260719,20.13880000,0.03859221,3.87692225,20.13890000,0.99412128,20000,10000,4901876644094671193,REAL_EXPERIMENT
DoubanRandom,adoption-heavy,4723,11774,50,20260715,40.37760000,0.05430575,7.67678592,40.38640000,,20000,10000,3257244477726502542,REAL_EXPERIMENT
DoubanRandom,adoption-heavy,4723,11774,50,20260716,40.19960000,0.05518001,7.92595244,40.21960000,1.84272519,20000,10000,3257244477726502542,REAL_EXPERIMENT
DoubanRandom,adoption-heavy,4723,11774,50,20260717,39.84320000,0.05613145,8.20163392,39.94500000,1.80479927,20000,10000,3257244477726502542,REAL_EXPERIMENT
DoubanRandom,adoption-heavy,4723,11774,50,20260718,40.22160000,0.05473727,7.79927337,40.22850000,1.82743829,20000,10000,3257244477726502542,REAL_EXPERIMENT
DoubanRandom,adoption-heavy,4723,11774,50,20260719,40.14410000,0.05512838,7.91112630,40.16130000,1.80786024,20000,10000,3257244477726502542,REAL_EXPERIMENT
DoubanRandom,adoption-heavy,4723,11774,100,20260715,80.41130000,0.07653758,15.24885720,80.53540000,,20000,10000,15404516543855048207,REAL_EXPERIMENT
DoubanRandom,adoption-heavy,4723,11774,100,20260716,80.43850000,0.07768424,15.70918867,80.47900000,3.46660371,20000,10000,15404516543855048207,REAL_EXPERIMENT
DoubanRandom,adoption-heavy,4723,11774,100,20260717,80.42170000,0.07728870,15.54962407,80.44470000,3.61026724,20000,10000,15404516543855048207,REAL_EXPERIMENT
DoubanRandom,adoption-heavy,4723,11774,100,20260718,80.30240000,0.07726008,15.53810805,80.34900000,3.52128259,20000,10000,15404516543855048207,REAL_EXPERIMENT
DoubanRandom,adoption-heavy,4723,11774,100,20260719,80.37260000,0.07638894,15.18968821,80.43660000,3.54870874,20000,10000,15404516543855048207,REAL_EXPERIMENT
DoubanRandom,adoption-heavy,4723,11774,150,20260715,120.51860000,0.09461418,23.30238428,120.61300000,,20000,10000,679870075064101823,REAL_EXPERIMENT
DoubanRandom,adoption-heavy,4723,11774,150,20260716,120.21790000,0.09584983,23.91501109,120.34020000,5.46347746,20000,10000,679870075064101823,REAL_EXPERIMENT
DoubanRandom,adoption-heavy,4723,11774,150,20260717,120.10520000,0.09631031,24.14534749,120.28200000,5.48809954,20000,10000,679870075064101823,REAL_EXPERIMENT
DoubanRandom,adoption-heavy,4723,11774,150,20260718,120.21620000,0.09626787,24.12406997,120.40160000,5.51926558,20000,10000,679870075064101823,REAL_EXPERIMENT
DoubanRandom,adoption-heavy,4723,11774,150,20260719,120.52930000,0.09528242,23.63270478,120.63190000,5.48242775,20000,10000,679870075064101823,REAL_EXPERIMENT
DoubanRandom,adoption-heavy,4723,11774,200,20260715,160.58450000,0.10988069,31.42900265,160.85620000,,20000,10000,11898077752903033529,REAL_EXPERIMENT
DoubanRandom,adoption-heavy,4723,11774,200,20260716,159.43700000,0.11013803,31.57638864,159.84200000,7.18029079,20000,10000,11898077752903033529,REAL_EXPERIMENT
DoubanRandom,adoption-heavy,4723,11774,200,20260717,160.64290000,0.11007269,31.53893348,160.83150000,7.02291658,20000,10000,11898077752903033529,REAL_EXPERIMENT
DoubanRandom,adoption-heavy,4723,11774,200,20260718,159.93300000,0.10997584,31.48345935,160.39070000,7.17305193,20000,10000,11898077752903033529,REAL_EXPERIMENT
DoubanRandom,adoption-heavy,4723,11774,200,20260719,159.85020000,0.10971711,31.33549351,160.19420000,7.23311302,20000,10000,11898077752903033529,REAL_EXPERIMENT
DoubanRandom,forwarding-heavy,4723,11774,10,20260715,1.35960000,0.02137934,1.18980682,1.35970000,,20000,10000,6410411230472495373,REAL_EXPERIMENT
DoubanRandom,forwarding-heavy,4723,11774,10,20260716,1.33210000,0.02100517,1.14852444,1.33210000,0.38034179,20000,10000,6410411230472495373,REAL_EXPERIMENT
DoubanRandom,forwarding-heavy,4723,11774,10,20260717,1.34820000,0.02095158,1.14267103,1.34820000,0.38484520,20000,10000,6410411230472495373,REAL_EXPERIMENT
DoubanRandom,forwarding-heavy,4723,11774,10,20260718,1.38700000,0.02161119,1.21575258,1.38730000,0.38152782,20000,10000,6410411230472495373,REAL_EXPERIMENT
DoubanRandom,forwarding-heavy,4723,11774,10,20260719,1.30650000,0.02105767,1.15427318,1.30670000,0.38453790,20000,10000,6410411230472495373,REAL_EXPERIMENT
DoubanRandom,forwarding-heavy,4723,11774,25,20260715,3.26420000,0.03321310,2.87148551,3.26720000,,20000,10000,4022561045347719438,REAL_EXPERIMENT
DoubanRandom,forwarding-heavy,4723,11774,25,20260716,3.36780000,0.03330969,2.88821198,3.37120000,0.47641476,20000,10000,4022561045347719438,REAL_EXPERIMENT
DoubanRandom,forwarding-heavy,4723,11774,25,20260717,3.29420000,0.03277086,2.79552591,3.29750000,0.47499839,20000,10000,4022561045347719438,REAL_EXPERIMENT
DoubanRandom,forwarding-heavy,4723,11774,25,20260718,3.42180000,0.03393000,2.99678444,3.42290000,0.48417461,20000,10000,4022561045347719438,REAL_EXPERIMENT
DoubanRandom,forwarding-heavy,4723,11774,25,20260719,3.30950000,0.03328769,2.88439819,3.31170000,0.48295112,20000,10000,4022561045347719438,REAL_EXPERIMENT
DoubanRandom,forwarding-heavy,4723,11774,50,20260715,6.76910000,0.04730941,5.82616781,6.77160000,,20000,10000,7556429236590280929,REAL_EXPERIMENT
DoubanRandom,forwarding-heavy,4723,11774,50,20260716,6.80490000,0.04674263,5.68740473,6.80980000,0.64451312,20000,10000,7556429236590280929,REAL_EXPERIMENT
DoubanRandom,forwarding-heavy,4723,11774,50,20260717,6.78920000,0.04711646,5.77874123,6.79250000,0.65005019,20000,10000,7556429236590280929,REAL_EXPERIMENT
DoubanRandom,forwarding-heavy,4723,11774,50,20260718,6.60400000,0.04714671,5.78616262,6.60870000,0.63866901,20000,10000,7556429236590280929,REAL_EXPERIMENT
DoubanRandom,forwarding-heavy,4723,11774,50,20260719,6.67470000,0.04707942,5.76965688,6.68070000,0.65469261,20000,10000,7556429236590280929,REAL_EXPERIMENT
DoubanRandom,forwarding-heavy,4723,11774,100,20260715,13.38960000,0.06728481,11.78479032,13.40660000,,20000,10000,12705494001982537958,REAL_EXPERIMENT
DoubanRandom,forwarding-heavy,4723,11774,100,20260716,13.38200000,0.06677659,11.60743674,13.39780000,1.05019625,20000,10000,12705494001982537958,REAL_EXPERIMENT
DoubanRandom,forwarding-heavy,4723,11774,100,20260717,13.37120000,0.06664509,11.56176674,13.39120000,1.04024701,20000,10000,12705494001982537958,REAL_EXPERIMENT
DoubanRandom,forwarding-heavy,4723,11774,100,20260718,13.21280000,0.06640399,11.47826399,13.23360000,1.05787480,20000,10000,12705494001982537958,REAL_EXPERIMENT
DoubanRandom,forwarding-heavy,4723,11774,100,20260719,13.51300000,0.06753734,11.87341834,13.53070000,1.06664387,20000,10000,12705494001982537958,REAL_EXPERIMENT
DoubanRandom,forwarding-heavy,4723,11774,150,20260715,19.97190000,0.08141160,17.25283567,20.00730000,,20000,10000,11149897337526584536,REAL_EXPERIMENT
DoubanRandom,forwarding-heavy,4723,11774,150,20260716,19.94920000,0.08198324,17.49596896,19.99120000,1.50000273,20000,10000,11149897337526584536,REAL_EXPERIMENT
DoubanRandom,forwarding-heavy,4723,11774,150,20260717,19.78750000,0.08161389,17.33867762,19.83130000,1.49650623,20000,10000,11149897337526584536,REAL_EXPERIMENT
DoubanRandom,forwarding-heavy,4723,11774,150,20260718,20.21520000,0.08296632,17.91808077,20.25550000,1.47585597,20000,10000,11149897337526584536,REAL_EXPERIMENT
DoubanRandom,forwarding-heavy,4723,11774,150,20260719,19.90910000,0.08220885,17.59239643,19.94960000,1.48480545,20000,10000,11149897337526584536,REAL_EXPERIMENT
DoubanRandom,forwarding-heavy,4723,11774,200,20260715,26.45740000,0.09406140,23.03088833,26.52290000,,20000,10000,10474398920739756410,REAL_EXPERIMENT
DoubanRandom,forwarding-heavy,4723,11774,200,20260716,26.42680000,0.09414929,23.07394915,26.49970000,1.95190027,20000,10000,10474398920739756410,REAL_EXPERIMENT
DoubanRandom,forwarding-heavy,4723,11774,200,20260717,26.63490000,0.09463885,23.31453344,26.69990000,2.07917356,20000,10000,10474398920739756410,REAL_EXPERIMENT
DoubanRandom,forwarding-heavy,4723,11774,200,20260718,26.62970000,0.09452709,23.25950386,26.70130000,1.98285474,20000,10000,10474398920739756410,REAL_EXPERIMENT
DoubanRandom,forwarding-heavy,4723,11774,200,20260719,26.49400000,0.09450877,23.25048905,26.56530000,1.94421231,20000,10000,10474398920739756410,REAL_EXPERIMENT
EmailEnron,balanced,33696,361622,10,20260715,6.82810000,0.02883111,2.16376677,6.83460000,,10000,10000,10406859818485221481,REAL_EXPERIMENT
EmailEnron,balanced,33696,361622,10,20260716,6.80280000,0.02851058,2.11592375,6.80440000,0.63896734,10000,10000,10406859818485221481,REAL_EXPERIMENT
EmailEnron,balanced,33696,361622,10,20260717,6.83600000,0.02871329,2.14611861,6.83680000,0.62308258,10000,10000,10406859818485221481,REAL_EXPERIMENT
EmailEnron,balanced,33696,361622,10,20260718,6.76120000,0.02879660,2.15859042,6.76810000,0.64212433,10000,10000,10406859818485221481,REAL_EXPERIMENT
EmailEnron,balanced,33696,361622,10,20260719,6.75590000,0.02891603,2.17653284,6.78810000,0.62290853,10000,10000,10406859818485221481,REAL_EXPERIMENT
EmailEnron,balanced,33696,361622,25,20260715,17.18070000,0.04536027,5.35598311,17.20110000,,10000,10000,18240914322782476615,REAL_EXPERIMENT
EmailEnron,balanced,33696,361622,25,20260716,17.12740000,0.04514855,5.30609985,17.15540000,1.37343034,10000,10000,18240914322782476615,REAL_EXPERIMENT
EmailEnron,balanced,33696,361622,25,20260717,17.07380000,0.04501980,5.27588115,17.10870000,1.35357171,10000,10000,18240914322782476615,REAL_EXPERIMENT
EmailEnron,balanced,33696,361622,25,20260718,17.10820000,0.04542479,5.37122988,17.12770000,1.39498156,10000,10000,18240914322782476615,REAL_EXPERIMENT
EmailEnron,balanced,33696,361622,25,20260719,17.02500000,0.04545051,5.37731273,17.04060000,1.36891372,10000,10000,18240914322782476615,REAL_EXPERIMENT
EmailEnron,balanced,33696,361622,50,20260715,34.04840000,0.06490694,10.96655410,34.13020000,,10000,10000,8011284668086609832,REAL_EXPERIMENT
EmailEnron,balanced,33696,361622,50,20260716,33.98270000,0.06492808,10.97369808,34.05520000,2.60045433,10000,10000,8011284668086609832,REAL_EXPERIMENT
EmailEnron,balanced,33696,361622,50,20260717,34.10470000,0.06468067,10.89022693,34.15220000,2.60463776,10000,10000,8011284668086609832,REAL_EXPERIMENT
EmailEnron,balanced,33696,361622,50,20260718,34.23600000,0.06410541,10.69737374,34.27430000,2.61091305,10000,10000,8011284668086609832,REAL_EXPERIMENT
EmailEnron,balanced,33696,361622,50,20260719,34.14150000,0.06430220,10.76315407,34.20110000,2.59117297,10000,10000,8011284668086609832,REAL_EXPERIMENT
EmailEnron,balanced,33696,361622,100,20260715,68.36120000,0.09008636,21.12544710,68.64650000,,10000,10000,17877682588024433019,REAL_EXPERIMENT
EmailEnron,balanced,33696,361622,100,20260716,67.97410000,0.09169369,21.88601779,68.33970000,5.26626240,10000,10000,17877682588024433019,REAL_EXPERIMENT
EmailEnron,balanced,33696,361622,100,20260717,68.22830000,0.09163239,21.85676479,68.47090000,5.13876400,10000,10000,17877682588024433019,REAL_EXPERIMENT
EmailEnron,balanced,33696,361622,100,20260718,67.89720000,0.09120846,21.65499766,68.29120000,5.22835533,10000,10000,17877682588024433019,REAL_EXPERIMENT
EmailEnron,balanced,33696,361622,100,20260719,68.19790000,0.09020356,21.18045364,68.45630000,5.16479525,10000,10000,17877682588024433019,REAL_EXPERIMENT
EmailEnron,balanced,33696,361622,150,20260715,102.07190000,0.11135035,32.27535793,102.75940000,,10000,10000,3929751697508005107,REAL_EXPERIMENT
EmailEnron,balanced,33696,361622,150,20260716,101.94350000,0.11275473,33.09461721,102.62010000,7.88447449,10000,10000,3929751697508005107,REAL_EXPERIMENT
EmailEnron,balanced,33696,361622,150,20260717,102.30870000,0.11220393,32.77208152,102.84070000,7.59767713,10000,10000,3929751697508005107,REAL_EXPERIMENT
EmailEnron,balanced,33696,361622,150,20260718,101.45680000,0.11155512,32.39417318,102.27510000,7.74547402,10000,10000,3929751697508005107,REAL_EXPERIMENT
EmailEnron,balanced,33696,361622,150,20260719,101.74190000,0.11236352,32.86537093,102.46120000,8.05453160,10000,10000,3929751697508005107,REAL_EXPERIMENT
EmailEnron,balanced,33696,361622,200,20260715,135.44790000,0.12613666,41.41622721,136.56980000,,10000,10000,11901363760556680002,REAL_EXPERIMENT
EmailEnron,balanced,33696,361622,200,20260716,135.93360000,0.12702855,42.00399144,137.16480000,10.76548209,10000,10000,11901363760556680002,REAL_EXPERIMENT
EmailEnron,balanced,33696,361622,200,20260717,135.49410000,0.12686690,41.89715491,136.58160000,10.62951264,10000,10000,11901363760556680002,REAL_EXPERIMENT
EmailEnron,balanced,33696,361622,200,20260718,135.42430000,0.12843365,42.93836335,136.66690000,10.37386954,10000,10000,11901363760556680002,REAL_EXPERIMENT
EmailEnron,balanced,33696,361622,200,20260719,136.09240000,0.12801505,42.65892813,137.13190000,10.60248376,10000,10000,11901363760556680002,REAL_EXPERIMENT
EmailEnron,adoption-heavy,33696,361622,10,20260715,8.08370000,0.02424107,1.52964727,8.08370000,,20000,10000,3482664522488936026,REAL_EXPERIMENT
EmailEnron,adoption-heavy,33696,361622,10,20260716,8.04120000,0.02421259,1.52605517,8.04150000,1.16168279,20000,10000,3482664522488936026,REAL_EXPERIMENT
EmailEnron,adoption-heavy,33696,361622,10,20260717,8.02570000,0.02467108,1.58439795,8.02590000,1.14131899,20000,10000,3482664522488936026,REAL_EXPERIMENT
EmailEnron,adoption-heavy,33696,361622,10,20260718,8.03060000,0.02477539,1.59782342,8.03230000,1.10973670,20000,10000,3482664522488936026,REAL_EXPERIMENT
EmailEnron,adoption-heavy,33696,361622,10,20260719,7.99590000,0.02485759,1.60844403,7.99600000,1.13828674,20000,10000,3482664522488936026,REAL_EXPERIMENT
EmailEnron,adoption-heavy,33696,361622,25,20260715,20.13050000,0.03871117,3.90085984,20.13160000,,20000,10000,13662591516345559364,REAL_EXPERIMENT
EmailEnron,adoption-heavy,33696,361622,25,20260716,20.17770000,0.03832141,3.82270498,20.17790000,2.66246016,20000,10000,13662591516345559364,REAL_EXPERIMENT
EmailEnron,adoption-heavy,33696,361622,25,20260717,20.15640000,0.03902879,3.96513555,20.15730000,2.76958939,20000,10000,13662591516345559364,REAL_EXPERIMENT
EmailEnron,adoption-heavy,33696,361622,25,20260718,20.21620000,0.03860775,3.88004556,20.21700000,2.70154840,20000,10000,13662591516345559364,REAL_EXPERIMENT
EmailEnron,adoption-heavy,33696,361622,25,20260719,20.06370000,0.03900567,3.96043835,20.06570000,2.66696699,20000,10000,13662591516345559364,REAL_EXPERIMENT
EmailEnron,adoption-heavy,33696,361622,50,20260715,40.10800000,0.05496996,7.86572257,40.12060000,,20000,10000,2592670320815112596,REAL_EXPERIMENT
EmailEnron,adoption-heavy,33696,361622,50,20260716,39.96120000,0.05560980,8.04989955,39.98890000,4.92552459,20000,10000,2592670320815112596,REAL_EXPERIMENT
EmailEnron,adoption-heavy,33696,361622,50,20260717,39.85360000,0.05551462,8.02236928,39.89760000,4.86443774,20000,10000,2592670320815112596,REAL_EXPERIMENT
EmailEnron,adoption-heavy,33696,361622,50,20260718,40.38410000,0.05479996,7.81714890,40.38990000,5.00380531,20000,10000,2592670320815112596,REAL_EXPERIMENT
EmailEnron,adoption-heavy,33696,361622,50,20260719,40.18910000,0.05470725,7.79072026,40.19880000,4.96461511,20000,10000,2592670320815112596,REAL_EXPERIMENT
EmailEnron,adoption-heavy,33696,361622,100,20260715,79.88560000,0.07873427,16.13672631,79.94900000,,20000,10000,4761100521898416458,REAL_EXPERIMENT
EmailEnron,adoption-heavy,33696,361622,100,20260716,80.34860000,0.07743821,15.60983902,80.39720000,9.83289804,20000,10000,4761100521898416458,REAL_EXPERIMENT
EmailEnron,adoption-heavy,33696,361622,100,20260717,80.34870000,0.07791607,15.80308862,80.38590000,9.71252775,20000,10000,4761100521898416458,REAL_EXPERIMENT
EmailEnron,adoption-heavy,33696,361622,100,20260718,80.13600000,0.07790472,15.79848385,80.19130000,9.93256541,20000,10000,4761100521898416458,REAL_EXPERIMENT
EmailEnron,adoption-heavy,33696,361622,100,20260719,80.34330000,0.07852693,16.05185030,80.40020000,9.52890401,20000,10000,4761100521898416458,REAL_EXPERIMENT
EmailEnron,adoption-heavy,33696,361622,150,20260715,119.57430000,0.09749331,24.74215373,119.76610000,,20000,10000,6990208005053698222,REAL_EXPERIMENT
EmailEnron,adoption-heavy,33696,361622,150,20260716,120.01800000,0.09542814,23.70504650,120.17790000,14.72299817,20000,10000,6990208005053698222,REAL_EXPERIMENT
EmailEnron,adoption-heavy,33696,361622,150,20260717,120.01730000,0.09631803,24.14921563,120.13430000,14.43502488,20000,10000,6990208005053698222,REAL_EXPERIMENT
EmailEnron,adoption-heavy,33696,361622,150,20260718,119.90890000,0.09687526,24.42944373,120.07840000,14.73763171,20000,10000,6990208005053698222,REAL_EXPERIMENT
EmailEnron,adoption-heavy,33696,361622,150,20260719,119.58370000,0.09545535,23.71856617,119.71450000,15.07147051,20000,10000,6990208005053698222,REAL_EXPERIMENT
EmailEnron,adoption-heavy,33696,361622,200,20260715,159.73390000,0.11047146,31.76786758,159.99430000,,20000,10000,17476105186033793094,REAL_EXPERIMENT
EmailEnron,adoption-heavy,33696,361622,200,20260716,159.25340000,0.11016481,31.59174761,159.58900000,19.39144266,20000,10000,17476105186033793094,REAL_EXPERIMENT
EmailEnron,adoption-heavy,33696,361622,200,20260717,159.20000000,0.11068498,31.89078908,159.48290000,18.83049001,20000,10000,17476105186033793094,REAL_EXPERIMENT
EmailEnron,adoption-heavy,33696,361622,200,20260718,159.80040000,0.11031358,31.67712755,160.01060000,18.84140372,20000,10000,17476105186033793094,REAL_EXPERIMENT
EmailEnron,adoption-heavy,33696,361622,200,20260719,160.17190000,0.11019125,31.60691108,160.41630000,18.85433834,20000,10000,17476105186033793094,REAL_EXPERIMENT
EmailEnron,forwarding-heavy,33696,361622,10,20260715,2.23920000,0.02592361,1.74935830,2.23940000,,20000,10000,13118705638570985861,REAL_EXPERIMENT
EmailEnron,forwarding-heavy,33696,361622,10,20260716,2.34170000,0.02643402,1.81892300,2.34190000,1.07059927,20000,10000,13118705638570985861,REAL_EXPERIMENT
EmailEnron,forwarding-heavy,33696,361622,10,20260717,2.32330000,0.02615374,1.78055517,2.32350000,1.07006015,20000,10000,13118705638570985861,REAL_EXPERIMENT
EmailEnron,forwarding-heavy,33696,361622,10,20260718,2.40130000,0.02627598,1.79723803,2.40180000,1.08208472,20000,10000,13118705638570985861,REAL_EXPERIMENT
EmailEnron,forwarding-heavy,33696,361622,10,20260719,2.37330000,0.02651098,1.82953006,2.37360000,0.96685366,20000,10000,13118705638570985861,REAL_EXPERIMENT
EmailEnron,forwarding-heavy,33696,361622,25,20260715,5.88980000,0.04137365,4.45590155,5.89110000,,20000,10000,101036469672152072,REAL_EXPERIMENT
EmailEnron,forwarding-heavy,33696,361622,25,20260716,6.00550000,0.04196748,4.58472822,6.00780000,1.38716696,20000,10000,101036469672152072,REAL_EXPERIMENT
EmailEnron,forwarding-heavy,33696,361622,25,20260717,5.80660000,0.04109104,4.39523596,5.80850000,1.35045929,20000,10000,101036469672152072,REAL_EXPERIMENT
EmailEnron,forwarding-heavy,33696,361622,25,20260718,5.90740000,0.04153292,4.49027427,5.91010000,1.34629670,20000,10000,101036469672152072,REAL_EXPERIMENT
EmailEnron,forwarding-heavy,33696,361622,25,20260719,5.74890000,0.04107633,4.39208800,5.75040000,1.34312367,20000,10000,101036469672152072,REAL_EXPERIMENT
EmailEnron,forwarding-heavy,33696,361622,50,20260715,11.66330000,0.05830734,8.84981809,11.67010000,,20000,10000,11073054187279976483,REAL_EXPERIMENT
EmailEnron,forwarding-heavy,33696,361622,50,20260716,11.59970000,0.05872991,8.97855777,11.60800000,2.04632656,20000,10000,11073054187279976483,REAL_EXPERIMENT
EmailEnron,forwarding-heavy,33696,361622,50,20260717,11.70330000,0.05885215,9.01597071,11.71160000,1.99519236,20000,10000,11073054187279976483,REAL_EXPERIMENT
EmailEnron,forwarding-heavy,33696,361622,50,20260718,11.87210000,0.05935940,9.17205880,11.88300000,2.19895933,20000,10000,11073054187279976483,REAL_EXPERIMENT
EmailEnron,forwarding-heavy,33696,361622,50,20260719,11.71370000,0.05817078,8.80841315,11.72230000,2.05787327,20000,10000,11073054187279976483,REAL_EXPERIMENT
EmailEnron,forwarding-heavy,33696,361622,100,20260715,23.36410000,0.08267742,17.79351054,23.40690000,,20000,10000,3204267720587902267,REAL_EXPERIMENT
EmailEnron,forwarding-heavy,33696,361622,100,20260716,23.51870000,0.08286985,17.87643795,23.55530000,3.58823530,20000,10000,3204267720587902267,REAL_EXPERIMENT
EmailEnron,forwarding-heavy,33696,361622,100,20260717,23.31150000,0.08157274,17.32119987,23.34160000,3.65687663,20000,10000,3204267720587902267,REAL_EXPERIMENT
EmailEnron,forwarding-heavy,33696,361622,100,20260718,23.40890000,0.08251733,17.72467326,23.44320000,3.73948660,20000,10000,3204267720587902267,REAL_EXPERIMENT
EmailEnron,forwarding-heavy,33696,361622,100,20260719,23.58520000,0.08320966,18.02334329,23.62210000,3.58017576,20000,10000,3204267720587902267,REAL_EXPERIMENT
EmailEnron,forwarding-heavy,33696,361622,150,20260715,35.20170000,0.10105064,26.58067518,35.28440000,,20000,10000,886577327055414995,REAL_EXPERIMENT
EmailEnron,forwarding-heavy,33696,361622,150,20260716,35.03590000,0.10012900,26.09802099,35.10860000,5.33153518,20000,10000,886577327055414995,REAL_EXPERIMENT
EmailEnron,forwarding-heavy,33696,361622,150,20260717,35.03080000,0.09981240,25.93324468,35.10920000,5.36193644,20000,10000,886577327055414995,REAL_EXPERIMENT
EmailEnron,forwarding-heavy,33696,361622,150,20260718,34.85960000,0.10130823,26.71635948,34.93810000,5.33574613,20000,10000,886577327055414995,REAL_EXPERIMENT
EmailEnron,forwarding-heavy,33696,361622,150,20260719,35.22020000,0.10088834,26.49536150,35.30280000,5.27072243,20000,10000,886577327055414995,REAL_EXPERIMENT
EmailEnron,forwarding-heavy,33696,361622,200,20260715,46.31740000,0.11725328,35.78803604,46.46280000,,20000,10000,2683774409894806467,REAL_EXPERIMENT
EmailEnron,forwarding-heavy,33696,361622,200,20260716,46.82670000,0.11532152,34.61852896,46.96240000,7.09211263,20000,10000,2683774409894806467,REAL_EXPERIMENT
EmailEnron,forwarding-heavy,33696,361622,200,20260717,46.23060000,0.11606466,35.06613025,46.37300000,7.05103160,20000,10000,2683774409894806467,REAL_EXPERIMENT
EmailEnron,forwarding-heavy,33696,361622,200,20260718,46.91820000,0.11659949,35.39004776,47.07840000,7.03143123,20000,10000,2683774409894806467,REAL_EXPERIMENT
EmailEnron,forwarding-heavy,33696,361622,200,20260719,46.53690000,0.11705550,35.66740513,46.68190000,7.25329343,20000,10000,2683774409894806467,REAL_EXPERIMENT
