dataset,scenario,nodes,edges,k,method,mean_adopters,ci95,variance,mean_redemptions,selection_seconds,rr_samples,eval_simulations,cim_estimated_spread,rr_memberships,status
Netscience,balanced,379,1828,10,DegreeTopM,5.73910000,0.03030892,2.39127032,5.83030000,0.00795769,,10000,,,REAL_EXPERIMENT
Netscience,balanced,379,1828,10,Alpha-Sort,6.53010000,0.02921857,2.22231622,6.62090000,0.00795769,,10000,,,REAL_EXPERIMENT
Netscience,balanced,379,1828,10,1Hop-Sort,6.51900000,0.02960357,2.28126713,6.56500000,0.00795769,,10000,,,REAL_EXPERIMENT
Netscience,balanced,379,1828,10,PageRank,5.75340000,0.03001952,2.34582302,5.82880000,0.00795769,,10000,,,REAL_EXPERIMENT
Netscience,balanced,379,1828,10,Random,6.28620000,0.02979665,2.31112067,6.29380000,0.00795769,,10000,,,REAL_EXPERIMENT
Netscience,balanced,379,1828,10,IC-RIS,6.30510000,0.02999535,2.34204819,6.31160000,0.28449838,10000,10000,,,REAL_EXPERIMENT
Netscience,balanced,379,1828,10,MC-Greedy,6.65940000,0.02910592,2.20521216,6.66250000,9.54208277,,10000,,,REAL_EXPERIMENT
Netscience,balanced,379,1828,10,CIM-RIS,6.36890000,0.02977680,2.30804359,6.39290000,0.29106508,10000,10000,11.29916292,63832,REAL_EXPERIMENT
Netscience,balanced,379,1828,25,DegreeTopM,14.35450000,0.04708574,5.77120687,14.80230000,0.00795769,,10000,,,REAL_EXPERIMENT
Netscience,balanced,379,1828,25,Alpha-Sort,16.27810000,0.04563014,5.41990238,16.51750000,0.00795769,,10000,,,REAL_EXPERIMENT
Netscience,balanced,379,1828,25,1Hop-Sort,15.86340000,0.04525722,5.33167361,16.27330000,0.00795769,,10000,,,REAL_EXPERIMENT
Netscience,balanced,379,1828,25,PageRank,14.35970000,0.04626212,5.57107302,14.81770000,0.00795769,,10000,,,REAL_EXPERIMENT
Netscience,balanced,379,1828,25,Random,15.60690000,0.04658264,5.64853724,15.82750000,0.00795769,,10000,,,REAL_EXPERIMENT
Netscience,balanced,379,1828,25,IC-RIS,15.76600000,0.04726171,5.81442544,15.81310000,0.28449838,10000,10000,,,REAL_EXPERIMENT
Netscience,balanced,379,1828,25,MC-Greedy,16.48380000,0.04630620,5.58169573,16.53980000,9.54208277,,10000,,,REAL_EXPERIMENT
Netscience,balanced,379,1828,25,CIM-RIS,15.67240000,0.04756007,5.88806705,15.82850000,0.57360705,10000,10000,27.32533183,158121,REAL_EXPERIMENT
Netscience,balanced,379,1828,50,DegreeTopM,28.22580000,0.06486892,10.95370973,30.07040000,0.00795769,,10000,,,REAL_EXPERIMENT
Netscience,balanced,379,1828,50,Alpha-Sort,31.43730000,0.06370068,10.56272498,32.73020000,0.00795769,,10000,,,REAL_EXPERIMENT
Netscience,balanced,379,1828,50,1Hop-Sort,30.83380000,0.06489132,10.96127369,32.33290000,0.00795769,,10000,,,REAL_EXPERIMENT
Netscience,balanced,379,1828,50,PageRank,28.59400000,0.06533088,11.11027503,29.87630000,0.00795769,,10000,,,REAL_EXPERIMENT
Netscience,balanced,379,1828,50,Random,30.65420000,0.06585761,11.29015138,31.41230000,0.00795769,,10000,,,REAL_EXPERIMENT
Netscience,balanced,379,1828,50,IC-RIS,31.46670000,0.06516461,11.05379649,31.74910000,0.28449838,10000,10000,,,REAL_EXPERIMENT
Netscience,balanced,379,1828,50,MC-Greedy,32.47650000,0.06581100,11.27417517,32.69980000,9.54208277,,10000,,,REAL_EXPERIMENT
Netscience,balanced,379,1828,50,CIM-RIS,30.98880000,0.06611395,11.37821238,31.66120000,1.05242078,10000,10000,53.66639996,316465,REAL_EXPERIMENT
Netscience,balanced,379,1828,100,DegreeTopM,54.95340000,0.08808984,20.19944838,60.81200000,0.00795769,,10000,,,REAL_EXPERIMENT
Netscience,balanced,379,1828,100,Alpha-Sort,60.88990000,0.08974847,20.96727472,64.83630000,0.00795769,,10000,,,REAL_EXPERIMENT
Netscience,balanced,379,1828,100,1Hop-Sort,59.63720000,0.08867613,20.46922308,64.29390000,0.00795769,,10000,,,REAL_EXPERIMENT
Netscience,balanced,379,1828,100,PageRank,55.75520000,0.08946827,20.83655662,60.70100000,0.00795769,,10000,,,REAL_EXPERIMENT
Netscience,balanced,379,1828,100,Random,59.51100000,0.09092970,21.52283128,62.95560000,0.00795769,,10000,,,REAL_EXPERIMENT
Netscience,balanced,379,1828,100,IC-RIS,61.73290000,0.09281712,22.42560015,63.69170000,0.28449838,10000,10000,,,REAL_EXPERIMENT
Netscience,balanced,379,1828,100,MC-Greedy,63.07540000,0.09284559,22.43935878,64.60190000,9.54208277,,10000,,,REAL_EXPERIMENT
Netscience,balanced,379,1828,100,CIM-RIS,60.99610000,0.09294272,22.48633342,63.73910000,2.01643863,10000,10000,100.32130000,628787,REAL_EXPERIMENT
Netscience,balanced,379,1828,150,DegreeTopM,80.27040000,0.10504202,28.72195604,92.27990000,0.00795769,,10000,,,REAL_EXPERIMENT
Netscience,balanced,379,1828,150,Alpha-Sort,88.05570000,0.10837729,30.57485500,96.54980000,0.00795769,,10000,,,REAL_EXPERIMENT
Netscience,balanced,379,1828,150,1Hop-Sort,86.34470000,0.10666010,29.61364327,95.91860000,0.00795769,,10000,,,REAL_EXPERIMENT
Netscience,balanced,379,1828,150,PageRank,81.09080000,0.10521574,28.81703706,92.04350000,0.00795769,,10000,,,REAL_EXPERIMENT
Netscience,balanced,379,1828,150,Random,87.05340000,0.10826654,30.51239968,94.50560000,0.00795769,,10000,,,REAL_EXPERIMENT
Netscience,balanced,379,1828,150,IC-RIS,90.41010000,0.11214214,32.73599159,95.74690000,0.28449838,10000,10000,,,REAL_EXPERIMENT
Netscience,balanced,379,1828,150,MC-Greedy,91.80510000,0.11272679,33.07822181,96.54420000,9.54208277,,10000,,,REAL_EXPERIMENT
Netscience,balanced,379,1828,150,CIM-RIS,88.88940000,0.10977663,31.36950459,95.43350000,3.03359876,10000,10000,144.36110000,947340,REAL_EXPERIMENT
Netscience,balanced,379,1828,200,DegreeTopM,105.10150000,0.11920393,36.98869662,123.68770000,0.00795769,,10000,,,REAL_EXPERIMENT
Netscience,balanced,379,1828,200,Alpha-Sort,114.69070000,0.12178730,38.60929444,128.26930000,0.00795769,,10000,,,REAL_EXPERIMENT
Netscience,balanced,379,1828,200,1Hop-Sort,113.32760000,0.12194532,38.70954919,127.75220000,0.00795769,,10000,,,REAL_EXPERIMENT
Netscience,balanced,379,1828,200,PageRank,105.64550000,0.11744084,35.90262001,123.33260000,0.00795769,,10000,,,REAL_EXPERIMENT
Netscience,balanced,379,1828,200,Random,112.84030000,0.12238893,38.99169508,126.23420000,0.00795769,,10000,,,REAL_EXPERIMENT
Netscience,balanced,379,1828,200,IC-RIS,117.02250000,0.12660047,41.72136589,127.83310000,0.28449838,10000,10000,,,REAL_EXPERIMENT
Netscience,balanced,379,1828,200,MC-Greedy,118.49710000,0.12603901,41.35212680,128.21960000,9.54208277,,10000,,,REAL_EXPERIMENT
Netscience,balanced,379,1828,200,CIM-RIS,115.98690000,0.12399743,40.02333072,127.21720000,4.00302361,10000,10000,182.75380000,1259254,REAL_EXPERIMENT
NetFacebookEgo,balanced,2888,5962,10,DegreeTopM,5.22060000,0.03111396,2.51998764,5.23850000,0.03830904,,10000,,,REAL_EXPERIMENT
NetFacebookEgo,balanced,2888,5962,10,Alpha-Sort,5.68190000,0.02962870,2.28514090,6.42210000,0.03830904,,10000,,,REAL_EXPERIMENT
NetFacebookEgo,balanced,2888,5962,10,1Hop-Sort,5.75660000,0.02907927,2.20117656,6.67320000,0.03830904,,10000,,,REAL_EXPERIMENT
NetFacebookEgo,balanced,2888,5962,10,PageRank,5.22760000,0.03061770,2.44024226,5.24640000,0.03830904,,10000,,,REAL_EXPERIMENT
NetFacebookEgo,balanced,2888,5962,10,Random,6.22650000,0.02915344,2.21241899,6.40900000,0.03830904,,10000,,,REAL_EXPERIMENT
NetFacebookEgo,balanced,2888,5962,10,IC-RIS,6.34830000,0.02960583,2.28161527,6.45920000,0.35461186,10000,10000,,,REAL_EXPERIMENT
NetFacebookEgo,balanced,2888,5962,10,CIM-RIS,6.29360000,0.02935177,2.24262330,6.41260000,0.22586557,10000,10000,24.36982941,70632,REAL_EXPERIMENT
NetFacebookEgo,balanced,2888,5962,25,DegreeTopM,13.65870000,0.04611196,5.53496781,14.68490000,0.03830904,,10000,,,REAL_EXPERIMENT
NetFacebookEgo,balanced,2888,5962,25,Alpha-Sort,13.07870000,0.04832071,6.07791410,16.10640000,0.03830904,,10000,,,REAL_EXPERIMENT
NetFacebookEgo,balanced,2888,5962,25,1Hop-Sort,12.94980000,0.04753017,5.88066803,16.69110000,0.03830904,,10000,,,REAL_EXPERIMENT
NetFacebookEgo,balanced,2888,5962,25,PageRank,13.72550000,0.04617997,5.55130488,14.78460000,0.03830904,,10000,,,REAL_EXPERIMENT
NetFacebookEgo,balanced,2888,5962,25,Random,14.81650000,0.04671546,5.68079583,16.03530000,0.03830904,,10000,,,REAL_EXPERIMENT
NetFacebookEgo,balanced,2888,5962,25,IC-RIS,15.26620000,0.04634850,5.59189675,16.13210000,0.35461186,10000,10000,,,REAL_EXPERIMENT
NetFacebookEgo,balanced,2888,5962,25,CIM-RIS,15.16460000,0.04644029,5.61406825,16.03710000,0.43638203,10000,10000,63.24690570,178735,REAL_EXPERIMENT
NetFacebookEgo,balanced,2888,5962,50,DegreeTopM,26.78380000,0.06593525,11.31678924,30.86870000,0.03830904,,10000,,,REAL_EXPERIMENT
NetFacebookEgo,balanced,2888,5962,50,Alpha-Sort,25.02550000,0.06811291,12.07665742,32.29050000,0.03830904,,10000,,,REAL_EXPERIMENT
NetFacebookEgo,balanced,2888,5962,50,1Hop-Sort,25.67320000,0.06697687,11.67716948,33.19570000,0.03830904,,10000,,,REAL_EXPERIMENT
NetFacebookEgo,balanced,2888,5962,50,PageRank,27.23360000,0.06449119,10.82651369,30.90530000,0.03830904,,10000,,,REAL_EXPERIMENT
NetFacebookEgo,balanced,2888,5962,50,Random,28.29500000,0.06674119,11.59513451,32.11810000,0.03830904,,10000,,,REAL_EXPERIMENT
NetFacebookEgo,balanced,2888,5962,50,IC-RIS,29.23450000,0.06681120,11.61947170,32.27470000,0.35461186,10000,10000,,,REAL_EXPERIMENT
NetFacebookEgo,balanced,2888,5962,50,CIM-RIS,28.97260000,0.06650382,11.51280052,32.13830000,0.77441524,10000,10000,112.63200000,340877,REAL_EXPERIMENT
NetFacebookEgo,balanced,2888,5962,100,DegreeTopM,51.75510000,0.09342520,22.72039603,63.50610000,0.03830904,,10000,,,REAL_EXPERIMENT
NetFacebookEgo,balanced,2888,5962,100,Alpha-Sort,48.29400000,0.09571695,23.84874887,64.45680000,0.03830904,,10000,,,REAL_EXPERIMENT
NetFacebookEgo,balanced,2888,5962,100,1Hop-Sort,48.67910000,0.09128108,21.68949214,65.79020000,0.03830904,,10000,,,REAL_EXPERIMENT
NetFacebookEgo,balanced,2888,5962,100,PageRank,51.77070000,0.09323872,22.62978449,63.48600000,0.03830904,,10000,,,REAL_EXPERIMENT
NetFacebookEgo,balanced,2888,5962,100,Random,53.69410000,0.09750601,24.74860005,64.04600000,0.03830904,,10000,,,REAL_EXPERIMENT
NetFacebookEgo,balanced,2888,5962,100,IC-RIS,55.31560000,0.09524987,23.61655830,64.37070000,0.35461186,10000,10000,,,REAL_EXPERIMENT
NetFacebookEgo,balanced,2888,5962,100,CIM-RIS,55.58320000,0.09470434,23.34681244,64.38750000,1.42735089,10000,10000,218.91040000,683198,REAL_EXPERIMENT
NetFacebookEgo,balanced,2888,5962,150,DegreeTopM,75.83260000,0.11472817,34.26320356,95.61830000,0.03830904,,10000,,,REAL_EXPERIMENT
NetFacebookEgo,balanced,2888,5962,150,Alpha-Sort,70.91340000,0.11406507,33.86828727,96.70460000,0.03830904,,10000,,,REAL_EXPERIMENT
NetFacebookEgo,balanced,2888,5962,150,1Hop-Sort,71.64600000,0.11037855,31.71445545,98.37430000,0.03830904,,10000,,,REAL_EXPERIMENT
NetFacebookEgo,balanced,2888,5962,150,PageRank,74.56980000,0.11261190,33.01082904,96.33170000,0.03830904,,10000,,,REAL_EXPERIMENT
NetFacebookEgo,balanced,2888,5962,150,Random,79.25620000,0.11842393,36.50621218,96.20680000,0.03830904,,10000,,,REAL_EXPERIMENT
NetFacebookEgo,balanced,2888,5962,150,IC-RIS,79.44670000,0.11681257,35.51951106,96.18820000,0.35461186,10000,10000,,,REAL_EXPERIMENT
NetFacebookEgo,balanced,2888,5962,150,CIM-RIS,80.08520000,0.11713048,35.71311227,96.35990000,2.25102371,10000,10000,319.99040000,1065270,REAL_EXPERIMENT
NetFacebookEgo,balanced,2888,5962,200,DegreeTopM,99.04080000,0.13342313,46.33936930,127.91380000,0.03830904,,10000,,,REAL_EXPERIMENT
NetFacebookEgo,balanced,2888,5962,200,Alpha-Sort,92.73010000,0.12952326,43.67002099,128.96420000,0.03830904,,10000,,,REAL_EXPERIMENT
NetFacebookEgo,balanced,2888,5962,200,1Hop-Sort,94.74270000,0.12976929,43.83608032,131.09750000,0.03830904,,10000,,,REAL_EXPERIMENT
NetFacebookEgo,balanced,2888,5962,200,PageRank,98.03050000,0.12966781,43.76754650,128.78820000,0.03830904,,10000,,,REAL_EXPERIMENT
NetFacebookEgo,balanced,2888,5962,200,Random,104.07710000,0.13666558,48.61901749,128.30670000,0.03830904,,10000,,,REAL_EXPERIMENT
NetFacebookEgo,balanced,2888,5962,200,IC-RIS,104.83230000,0.13643856,48.45762247,128.58890000,0.35461186,10000,10000,,,REAL_EXPERIMENT
NetFacebookEgo,balanced,2888,5962,200,CIM-RIS,104.26140000,0.13744197,49.17298734,128.40770000,2.83742433,10000,10000,414.42800000,1320257,REAL_EXPERIMENT
DoubanRandom,balanced,4723,11774,10,DegreeTopM,5.76160000,0.03041100,2.40740618,5.78770000,0.05626929,,10000,,,REAL_EXPERIMENT
DoubanRandom,balanced,4723,11774,10,Alpha-Sort,6.51460000,0.02992850,2.33162000,6.51460000,0.05626929,,10000,,,REAL_EXPERIMENT
DoubanRandom,balanced,4723,11774,10,1Hop-Sort,6.34580000,0.03002869,2.34725709,6.34580000,0.05626929,,10000,,,REAL_EXPERIMENT
DoubanRandom,balanced,4723,11774,10,PageRank,5.67230000,0.03057195,2.43295601,5.68470000,0.05626929,,10000,,,REAL_EXPERIMENT
DoubanRandom,balanced,4723,11774,10,Random,6.53630000,0.02957009,2.27610992,6.53690000,0.05626929,,10000,,,REAL_EXPERIMENT
DoubanRandom,balanced,4723,11774,10,IC-RIS,6.54180000,0.02976674,2.30648341,6.54210000,0.45386450,10000,10000,,,REAL_EXPERIMENT
DoubanRandom,balanced,4723,11774,10,CIM-RIS,6.48320000,0.02944011,2.25614337,6.48320000,0.25434556,10000,10000,33.67805129,64173,REAL_EXPERIMENT
DoubanRandom,balanced,4723,11774,25,DegreeTopM,14.27060000,0.04816091,6.03777942,14.40430000,0.05626929,,10000,,,REAL_EXPERIMENT
DoubanRandom,balanced,4723,11774,25,Alpha-Sort,16.31150000,0.04673783,5.68623637,16.31440000,0.05626929,,10000,,,REAL_EXPERIMENT
DoubanRandom,balanced,4723,11774,25,1Hop-Sort,15.82610000,0.04728453,5.82004079,15.82980000,0.05626929,,10000,,,REAL_EXPERIMENT
DoubanRandom,balanced,4723,11774,25,PageRank,14.06380000,0.04812242,6.02813237,14.13990000,0.05626929,,10000,,,REAL_EXPERIMENT
DoubanRandom,balanced,4723,11774,25,Random,15.99420000,0.04655869,5.64273063,16.03530000,0.05626929,,10000,,,REAL_EXPERIMENT
DoubanRandom,balanced,4723,11774,25,IC-RIS,16.05830000,0.04701417,5.75367648,16.06210000,0.45386450,10000,10000,,,REAL_EXPERIMENT
DoubanRandom,balanced,4723,11774,25,CIM-RIS,16.04740000,0.04670035,5.67712095,16.12290000,0.48935309,10000,10000,85.95768560,158032,REAL_EXPERIMENT
DoubanRandom,balanced,4723,11774,50,DegreeTopM,28.27940000,0.06808833,12.06794243,28.67580000,0.05626929,,10000,,,REAL_EXPERIMENT
DoubanRandom,balanced,4723,11774,50,Alpha-Sort,32.54460000,0.06609284,11.37094793,32.55580000,0.05626929,,10000,,,REAL_EXPERIMENT
DoubanRandom,balanced,4723,11774,50,1Hop-Sort,31.91680000,0.06638594,11.47202496,31.99400000,0.05626929,,10000,,,REAL_EXPERIMENT
DoubanRandom,balanced,4723,11774,50,PageRank,27.74330000,0.06907060,12.41864697,27.93830000,0.05626929,,10000,,,REAL_EXPERIMENT
DoubanRandom,balanced,4723,11774,50,Random,31.98010000,0.06637907,11.46965096,32.04560000,0.05626929,,10000,,,REAL_EXPERIMENT
DoubanRandom,balanced,4723,11774,50,IC-RIS,32.18430000,0.06678538,11.61049456,32.20700000,0.45386450,10000,10000,,,REAL_EXPERIMENT
DoubanRandom,balanced,4723,11774,50,CIM-RIS,32.15320000,0.06677789,11.60789055,32.22730000,0.89637753,10000,10000,169.55569996,316437,REAL_EXPERIMENT
DoubanRandom,balanced,4723,11774,100,DegreeTopM,56.20610000,0.09573032,23.85540833,57.28820000,0.05626929,,10000,,,REAL_EXPERIMENT
DoubanRandom,balanced,4723,11774,100,Alpha-Sort,64.76680000,0.09266770,22.35345311,65.07140000,0.05626929,,10000,,,REAL_EXPERIMENT
DoubanRandom,balanced,4723,11774,100,1Hop-Sort,62.83070000,0.09236833,22.20925844,64.27480000,0.05626929,,10000,,,REAL_EXPERIMENT
DoubanRandom,balanced,4723,11774,100,PageRank,55.37820000,0.09669417,24.33819858,55.93680000,0.05626929,,10000,,,REAL_EXPERIMENT
DoubanRandom,balanced,4723,11774,100,Random,63.33500000,0.09430613,23.15089009,63.67550000,0.05626929,,10000,,,REAL_EXPERIMENT
DoubanRandom,balanced,4723,11774,100,IC-RIS,64.56110000,0.09357219,22.79194598,64.68110000,0.45386450,10000,10000,,,REAL_EXPERIMENT
DoubanRandom,balanced,4723,11774,100,CIM-RIS,64.47940000,0.09196427,22.01537718,64.73300000,1.79381934,10000,10000,331.55460000,639263,REAL_EXPERIMENT
DoubanRandom,balanced,4723,11774,150,DegreeTopM,83.67680000,0.11854452,36.58059982,85.67850000,0.05626929,,10000,,,REAL_EXPERIMENT
DoubanRandom,balanced,4723,11774,150,Alpha-Sort,96.59700000,0.11360149,33.59355036,97.31070000,0.05626929,,10000,,,REAL_EXPERIMENT
DoubanRandom,balanced,4723,11774,150,1Hop-Sort,94.57670000,0.11146827,32.34375149,96.78460000,0.05626929,,10000,,,REAL_EXPERIMENT
DoubanRandom,balanced,4723,11774,150,PageRank,82.69770000,0.11820076,36.36875159,83.74920000,0.05626929,,10000,,,REAL_EXPERIMENT
DoubanRandom,balanced,4723,11774,150,Random,94.16450000,0.11392274,33.78381813,95.29390000,0.05626929,,10000,,,REAL_EXPERIMENT
DoubanRandom,balanced,4723,11774,150,IC-RIS,96.89900000,0.11364647,33.62016102,97.12370000,0.45386450,10000,10000,,,REAL_EXPERIMENT
DoubanRandom,balanced,4723,11774,150,CIM-RIS,96.04480000,0.11372656,33.66755972,96.66390000,2.69774565,10000,10000,481.27370000,954103,REAL_EXPERIMENT
DoubanRandom,balanced,4723,11774,200,DegreeTopM,110.98710000,0.13278841,45.89952354,114.04500000,0.05626929,,10000,,,REAL_EXPERIMENT
DoubanRandom,balanced,4723,11774,200,Alpha-Sort,128.61310000,0.13175126,45.18532692,129.97880000,0.05626929,,10000,,,REAL_EXPERIMENT
DoubanRandom,balanced,4723,11774,200,1Hop-Sort,124.75740000,0.13078091,44.52219746,129.10120000,0.05626929,,10000,,,REAL_EXPERIMENT
DoubanRandom,balanced,4723,11774,200,PageRank,110.30390000,0.13553811,47.82012680,112.07430000,0.05626929,,10000,,,REAL_EXPERIMENT
DoubanRandom,balanced,4723,11774,200,Random,125.46910000,0.12976033,43.83002819,127.24730000,0.05626929,,10000,,,REAL_EXPERIMENT
DoubanRandom,balanced,4723,11774,200,IC-RIS,128.83650000,0.13159247,45.07647540,129.26290000,0.45386450,10000,10000,,,REAL_EXPERIMENT
DoubanRandom,balanced,4723,11774,200,CIM-RIS,127.70260000,0.13322519,46.20197344,128.65850000,3.52160067,10000,10000,635.71580000,1260400,REAL_EXPERIMENT
EmailEnron,balanced,33696,361622,10,DegreeTopM,5.95510000,0.03036371,2.39992398,5.96620000,1.08597084,,10000,,,REAL_EXPERIMENT
EmailEnron,balanced,33696,361622,10,Alpha-Sort,5.98810000,0.02968211,2.29338773,6.90860000,1.08597084,,10000,,,REAL_EXPERIMENT
EmailEnron,balanced,33696,361622,10,1Hop-Sort,6.59790000,0.02947596,2.26164175,6.60010000,1.08597084,,10000,,,REAL_EXPERIMENT
EmailEnron,balanced,33696,361622,10,PageRank,5.93180000,0.03022207,2.37758652,5.94100000,1.08597084,,10000,,,REAL_EXPERIMENT
EmailEnron,balanced,33696,361622,10,Random,6.97100000,0.02862789,2.13337234,6.97290000,1.08597084,,10000,,,REAL_EXPERIMENT
EmailEnron,balanced,33696,361622,10,IC-RIS,6.79960000,0.02886899,2.16945679,6.79990000,1.03122568,10000,10000,,,REAL_EXPERIMENT
EmailEnron,balanced,33696,361622,10,CIM-RIS,6.82400000,0.02885557,2.16744074,6.82980000,0.63423002,10000,10000,126.89057755,70683,REAL_EXPERIMENT
EmailEnron,balanced,33696,361622,25,DegreeTopM,15.13890000,0.04769449,5.92139893,15.21460000,1.08597084,,10000,,,REAL_EXPERIMENT
EmailEnron,balanced,33696,361622,25,Alpha-Sort,13.65380000,0.04713596,5.78352391,17.29160000,1.08597084,,10000,,,REAL_EXPERIMENT
EmailEnron,balanced,33696,361622,25,1Hop-Sort,16.45880000,0.04669767,5.67647021,16.46880000,1.08597084,,10000,,,REAL_EXPERIMENT
EmailEnron,balanced,33696,361622,25,PageRank,14.87140000,0.04796141,5.98786083,14.92390000,1.08597084,,10000,,,REAL_EXPERIMENT
EmailEnron,balanced,33696,361622,25,Random,17.10810000,0.04548278,5.38495289,17.16470000,1.08597084,,10000,,,REAL_EXPERIMENT
EmailEnron,balanced,33696,361622,25,IC-RIS,17.04620000,0.04518553,5.31479704,17.06280000,1.03122568,10000,10000,,,REAL_EXPERIMENT
EmailEnron,balanced,33696,361622,25,CIM-RIS,17.16340000,0.04532067,5.34663510,17.18230000,1.33764135,10000,10000,326.84834602,168246,REAL_EXPERIMENT
EmailEnron,balanced,33696,361622,50,DegreeTopM,30.59590000,0.06673955,11.59456265,30.87010000,1.08597084,,10000,,,REAL_EXPERIMENT
EmailEnron,balanced,33696,361622,50,Alpha-Sort,28.71300000,0.06697007,11.67479848,34.88000000,1.08597084,,10000,,,REAL_EXPERIMENT
EmailEnron,balanced,33696,361622,50,1Hop-Sort,32.92630000,0.06609766,11.37260557,32.94810000,1.08597084,,10000,,,REAL_EXPERIMENT
EmailEnron,balanced,33696,361622,50,PageRank,30.14510000,0.06713513,11.73241923,30.36110000,1.08597084,,10000,,,REAL_EXPERIMENT
EmailEnron,balanced,33696,361622,50,Random,33.99770000,0.06313370,10.37553226,34.18720000,1.08597084,,10000,,,REAL_EXPERIMENT
EmailEnron,balanced,33696,361622,50,IC-RIS,34.22870000,0.06449823,10.82887920,34.28420000,1.03122568,10000,10000,,,REAL_EXPERIMENT
EmailEnron,balanced,33696,361622,50,CIM-RIS,34.04440000,0.06409859,10.69509815,34.12960000,2.65165402,10000,10000,640.22399991,349298,REAL_EXPERIMENT
EmailEnron,balanced,33696,361622,100,DegreeTopM,61.55710000,0.09395136,22.97703729,62.53410000,1.08597084,,10000,,,REAL_EXPERIMENT
EmailEnron,balanced,33696,361622,100,Alpha-Sort,57.64230000,0.09354567,22.77902861,69.81540000,1.08597084,,10000,,,REAL_EXPERIMENT
EmailEnron,balanced,33696,361622,100,1Hop-Sort,65.94820000,0.09228610,22.16973373,66.46060000,1.08597084,,10000,,,REAL_EXPERIMENT
EmailEnron,balanced,33696,361622,100,PageRank,60.82410000,0.09521792,23.60071926,61.58250000,1.08597084,,10000,,,REAL_EXPERIMENT
EmailEnron,balanced,33696,361622,100,Random,68.17450000,0.09029831,21.22497225,68.56070000,1.08597084,,10000,,,REAL_EXPERIMENT
EmailEnron,balanced,33696,361622,100,IC-RIS,68.16370000,0.09019242,21.17521983,68.51750000,1.03122568,10000,10000,,,REAL_EXPERIMENT
EmailEnron,balanced,33696,361622,100,CIM-RIS,68.47880000,0.09017292,21.16606717,68.75900000,4.94580340,10000,10000,1246.75200000,662355,REAL_EXPERIMENT
EmailEnron,balanced,33696,361622,150,DegreeTopM,92.31070000,0.11436020,34.04376989,94.52320000,1.08597084,,10000,,,REAL_EXPERIMENT
EmailEnron,balanced,33696,361622,150,Alpha-Sort,86.30760000,0.11538467,34.65644788,105.05410000,1.08597084,,10000,,,REAL_EXPERIMENT
EmailEnron,balanced,33696,361622,150,1Hop-Sort,99.43620000,0.11085100,31.98652821,100.59810000,1.08597084,,10000,,,REAL_EXPERIMENT
EmailEnron,balanced,33696,361622,150,PageRank,91.38970000,0.11443890,34.09064297,93.02520000,1.08597084,,10000,,,REAL_EXPERIMENT
EmailEnron,balanced,33696,361622,150,Random,101.97940000,0.11177402,32.52142778,102.84440000,1.08597084,,10000,,,REAL_EXPERIMENT
EmailEnron,balanced,33696,361622,150,IC-RIS,102.06360000,0.11061129,31.84833987,102.70540000,1.03122568,10000,10000,,,REAL_EXPERIMENT
EmailEnron,balanced,33696,361622,150,CIM-RIS,102.03460000,0.10972839,31.34193703,102.72440000,7.62720810,10000,10000,1880.23680000,1037436,REAL_EXPERIMENT
EmailEnron,balanced,33696,361622,200,DegreeTopM,122.96760000,0.12998945,43.98494873,126.75550000,1.08597084,,10000,,,REAL_EXPERIMENT
EmailEnron,balanced,33696,361622,200,Alpha-Sort,114.13180000,0.13623151,48.31065983,139.89400000,1.08597084,,10000,,,REAL_EXPERIMENT
EmailEnron,balanced,33696,361622,200,1Hop-Sort,132.73160000,0.12907950,43.37129857,134.95240000,1.08597084,,10000,,,REAL_EXPERIMENT
EmailEnron,balanced,33696,361622,200,PageRank,121.88120000,0.13132143,44.89097566,124.74470000,1.08597084,,10000,,,REAL_EXPERIMENT
EmailEnron,balanced,33696,361622,200,Random,135.39650000,0.12920613,43.45643339,137.12820000,1.08597084,,10000,,,REAL_EXPERIMENT
EmailEnron,balanced,33696,361622,200,IC-RIS,136.40280000,0.12794975,42.61541370,137.43360000,1.03122568,10000,10000,,,REAL_EXPERIMENT
EmailEnron,balanced,33696,361622,200,CIM-RIS,135.34750000,0.12893027,43.27107086,136.50030000,10.90379288,10000,10000,2473.28640000,1398839,REAL_EXPERIMENT
