dataset,k,method,mean,ci95,status
Netscience,10,MC-CELF,7.4545,0.1327,SYNTHETIC_NOT_FOR_SUBMISSION
Netscience,10,CIM-RIS,7.3643,0.1321,SYNTHETIC_NOT_FOR_SUBMISSION
Netscience,10,1Hop-Sort,6.8885,0.1293,SYNTHETIC_NOT_FOR_SUBMISSION
Netscience,10,Alpha-Sort,6.5916,0.1275,SYNTHETIC_NOT_FOR_SUBMISSION
Netscience,10,IC-RIS,5.6936,0.1221,SYNTHETIC_NOT_FOR_SUBMISSION
Netscience,10,Random,4.6540,0.1159,SYNTHETIC_NOT_FOR_SUBMISSION
Netscience,25,MC-CELF,18.0584,0.2184,SYNTHETIC_NOT_FOR_SUBMISSION
Netscience,25,CIM-RIS,17.8370,0.2170,SYNTHETIC_NOT_FOR_SUBMISSION
Netscience,25,1Hop-Sort,16.6617,0.2100,SYNTHETIC_NOT_FOR_SUBMISSION
Netscience,25,Alpha-Sort,15.9475,0.2057,SYNTHETIC_NOT_FOR_SUBMISSION
Netscience,25,IC-RIS,13.7597,0.1926,SYNTHETIC_NOT_FOR_SUBMISSION
Netscience,25,Random,11.2555,0.1775,SYNTHETIC_NOT_FOR_SUBMISSION
Netscience,50,MC-CELF,34.5624,0.3422,SYNTHETIC_NOT_FOR_SUBMISSION
Netscience,50,CIM-RIS,34.1293,0.3396,SYNTHETIC_NOT_FOR_SUBMISSION
Netscience,50,1Hop-Sort,31.8078,0.3257,SYNTHETIC_NOT_FOR_SUBMISSION
Netscience,50,Alpha-Sort,30.4565,0.3176,SYNTHETIC_NOT_FOR_SUBMISSION
Netscience,50,IC-RIS,26.2293,0.2922,SYNTHETIC_NOT_FOR_SUBMISSION
Netscience,50,Random,21.4824,0.2637,SYNTHETIC_NOT_FOR_SUBMISSION
Netscience,100,MC-CELF,63.9920,0.5540,SYNTHETIC_NOT_FOR_SUBMISSION
Netscience,100,CIM-RIS,63.1559,0.5489,SYNTHETIC_NOT_FOR_SUBMISSION
Netscience,100,1Hop-Sort,58.5897,0.5215,SYNTHETIC_NOT_FOR_SUBMISSION
Netscience,100,Alpha-Sort,56.1458,0.5069,SYNTHETIC_NOT_FOR_SUBMISSION
Netscience,100,IC-RIS,48.1709,0.4590,SYNTHETIC_NOT_FOR_SUBMISSION
Netscience,100,Random,39.5529,0.4073,SYNTHETIC_NOT_FOR_SUBMISSION
Netscience,150,MC-CELF,89.3439,0.7330,SYNTHETIC_NOT_FOR_SUBMISSION
Netscience,150,CIM-RIS,88.1286,0.7257,SYNTHETIC_NOT_FOR_SUBMISSION
Netscience,150,1Hop-Sort,81.3772,0.6852,SYNTHETIC_NOT_FOR_SUBMISSION
Netscience,150,Alpha-Sort,78.0465,0.6652,SYNTHETIC_NOT_FOR_SUBMISSION
Netscience,150,IC-RIS,66.7041,0.5972,SYNTHETIC_NOT_FOR_SUBMISSION
Netscience,150,Random,54.9116,0.5264,SYNTHETIC_NOT_FOR_SUBMISSION
Netscience,200,MC-CELF,111.0843,0.8862,SYNTHETIC_NOT_FOR_SUBMISSION
Netscience,200,CIM-RIS,109.5134,0.8768,SYNTHETIC_NOT_FOR_SUBMISSION
Netscience,200,1Hop-Sort,100.6491,0.8236,SYNTHETIC_NOT_FOR_SUBMISSION
Netscience,200,Alpha-Sort,96.6096,0.7994,SYNTHETIC_NOT_FOR_SUBMISSION
Netscience,200,IC-RIS,82.2472,0.7132,SYNTHETIC_NOT_FOR_SUBMISSION
Netscience,200,Random,67.8848,0.6270,SYNTHETIC_NOT_FOR_SUBMISSION
NetFacebookEgo,10,MC-CELF,7.1599,0.1309,SYNTHETIC_NOT_FOR_SUBMISSION
NetFacebookEgo,10,CIM-RIS,7.0732,0.1304,SYNTHETIC_NOT_FOR_SUBMISSION
NetFacebookEgo,10,1Hop-Sort,6.6162,0.1276,SYNTHETIC_NOT_FOR_SUBMISSION
NetFacebookEgo,10,Alpha-Sort,6.3311,0.1259,SYNTHETIC_NOT_FOR_SUBMISSION
NetFacebookEgo,10,IC-RIS,5.4686,0.1208,SYNTHETIC_NOT_FOR_SUBMISSION
NetFacebookEgo,10,Random,4.4700,0.1148,SYNTHETIC_NOT_FOR_SUBMISSION
NetFacebookEgo,25,MC-CELF,17.8010,0.2168,SYNTHETIC_NOT_FOR_SUBMISSION
NetFacebookEgo,25,CIM-RIS,17.5827,0.2155,SYNTHETIC_NOT_FOR_SUBMISSION
NetFacebookEgo,25,1Hop-Sort,16.4242,0.2085,SYNTHETIC_NOT_FOR_SUBMISSION
NetFacebookEgo,25,Alpha-Sort,15.7201,0.2043,SYNTHETIC_NOT_FOR_SUBMISSION
NetFacebookEgo,25,IC-RIS,13.5635,0.1914,SYNTHETIC_NOT_FOR_SUBMISSION
NetFacebookEgo,25,Random,11.0950,0.1766,SYNTHETIC_NOT_FOR_SUBMISSION
NetFacebookEgo,50,MC-CELF,35.3293,0.3468,SYNTHETIC_NOT_FOR_SUBMISSION
NetFacebookEgo,50,CIM-RIS,34.8866,0.3442,SYNTHETIC_NOT_FOR_SUBMISSION
NetFacebookEgo,50,1Hop-Sort,32.5136,0.3299,SYNTHETIC_NOT_FOR_SUBMISSION
NetFacebookEgo,50,Alpha-Sort,31.1323,0.3216,SYNTHETIC_NOT_FOR_SUBMISSION
NetFacebookEgo,50,IC-RIS,26.8113,0.2957,SYNTHETIC_NOT_FOR_SUBMISSION
NetFacebookEgo,50,Random,21.9591,0.2666,SYNTHETIC_NOT_FOR_SUBMISSION
NetFacebookEgo,100,MC-CELF,69.7317,0.5884,SYNTHETIC_NOT_FOR_SUBMISSION
NetFacebookEgo,100,CIM-RIS,68.8206,0.5829,SYNTHETIC_NOT_FOR_SUBMISSION
NetFacebookEgo,100,1Hop-Sort,63.8448,0.5531,SYNTHETIC_NOT_FOR_SUBMISSION
NetFacebookEgo,100,Alpha-Sort,61.1817,0.5371,SYNTHETIC_NOT_FOR_SUBMISSION
NetFacebookEgo,100,IC-RIS,52.4915,0.4849,SYNTHETIC_NOT_FOR_SUBMISSION
NetFacebookEgo,100,Random,43.1005,0.4286,SYNTHETIC_NOT_FOR_SUBMISSION
NetFacebookEgo,150,MC-CELF,103.3668,0.8172,SYNTHETIC_NOT_FOR_SUBMISSION
NetFacebookEgo,150,CIM-RIS,101.9608,0.8087,SYNTHETIC_NOT_FOR_SUBMISSION
NetFacebookEgo,150,1Hop-Sort,94.1497,0.7619,SYNTHETIC_NOT_FOR_SUBMISSION
NetFacebookEgo,150,Alpha-Sort,90.2962,0.7387,SYNTHETIC_NOT_FOR_SUBMISSION
NetFacebookEgo,150,IC-RIS,77.1736,0.6600,SYNTHETIC_NOT_FOR_SUBMISSION
NetFacebookEgo,150,Random,63.5302,0.5782,SYNTHETIC_NOT_FOR_SUBMISSION
NetFacebookEgo,200,MC-CELF,136.3050,1.0375,SYNTHETIC_NOT_FOR_SUBMISSION
NetFacebookEgo,200,CIM-RIS,134.3774,1.0260,SYNTHETIC_NOT_FOR_SUBMISSION
NetFacebookEgo,200,1Hop-Sort,123.5005,0.9607,SYNTHETIC_NOT_FOR_SUBMISSION
NetFacebookEgo,200,Alpha-Sort,118.5440,0.9310,SYNTHETIC_NOT_FOR_SUBMISSION
NetFacebookEgo,200,IC-RIS,100.9207,0.8252,SYNTHETIC_NOT_FOR_SUBMISSION
NetFacebookEgo,200,Random,83.2975,0.7195,SYNTHETIC_NOT_FOR_SUBMISSION
DoubanRandom,10,MC-CELF,6.9741,0.1298,SYNTHETIC_NOT_FOR_SUBMISSION
DoubanRandom,10,CIM-RIS,6.8896,0.1293,SYNTHETIC_NOT_FOR_SUBMISSION
DoubanRandom,10,1Hop-Sort,6.4445,0.1266,SYNTHETIC_NOT_FOR_SUBMISSION
DoubanRandom,10,Alpha-Sort,6.1668,0.1249,SYNTHETIC_NOT_FOR_SUBMISSION
DoubanRandom,10,IC-RIS,5.3267,0.1199,SYNTHETIC_NOT_FOR_SUBMISSION
DoubanRandom,10,Random,4.3540,0.1141,SYNTHETIC_NOT_FOR_SUBMISSION
DoubanRandom,25,MC-CELF,17.3697,0.2142,SYNTHETIC_NOT_FOR_SUBMISSION
DoubanRandom,25,CIM-RIS,17.1567,0.2129,SYNTHETIC_NOT_FOR_SUBMISSION
DoubanRandom,25,1Hop-Sort,16.0263,0.2062,SYNTHETIC_NOT_FOR_SUBMISSION
DoubanRandom,25,Alpha-Sort,15.3393,0.2020,SYNTHETIC_NOT_FOR_SUBMISSION
DoubanRandom,25,IC-RIS,13.2349,0.1894,SYNTHETIC_NOT_FOR_SUBMISSION
DoubanRandom,25,Random,10.8262,0.1750,SYNTHETIC_NOT_FOR_SUBMISSION
DoubanRandom,50,MC-CELF,34.5559,0.3422,SYNTHETIC_NOT_FOR_SUBMISSION
DoubanRandom,50,CIM-RIS,34.1229,0.3396,SYNTHETIC_NOT_FOR_SUBMISSION
DoubanRandom,50,1Hop-Sort,31.8018,0.3257,SYNTHETIC_NOT_FOR_SUBMISSION
DoubanRandom,50,Alpha-Sort,30.4508,0.3176,SYNTHETIC_NOT_FOR_SUBMISSION
DoubanRandom,50,IC-RIS,26.2244,0.2922,SYNTHETIC_NOT_FOR_SUBMISSION
DoubanRandom,50,Random,21.4784,0.2637,SYNTHETIC_NOT_FOR_SUBMISSION
DoubanRandom,100,MC-CELF,68.4782,0.5809,SYNTHETIC_NOT_FOR_SUBMISSION
DoubanRandom,100,CIM-RIS,67.5835,0.5755,SYNTHETIC_NOT_FOR_SUBMISSION
DoubanRandom,100,1Hop-Sort,62.6971,0.5462,SYNTHETIC_NOT_FOR_SUBMISSION
DoubanRandom,100,Alpha-Sort,60.0819,0.5305,SYNTHETIC_NOT_FOR_SUBMISSION
DoubanRandom,100,IC-RIS,51.5479,0.4793,SYNTHETIC_NOT_FOR_SUBMISSION
DoubanRandom,100,Random,42.3257,0.4240,SYNTHETIC_NOT_FOR_SUBMISSION
DoubanRandom,150,MC-CELF,101.8649,0.8082,SYNTHETIC_NOT_FOR_SUBMISSION
DoubanRandom,150,CIM-RIS,100.4793,0.7998,SYNTHETIC_NOT_FOR_SUBMISSION
DoubanRandom,150,1Hop-Sort,92.7817,0.7537,SYNTHETIC_NOT_FOR_SUBMISSION
DoubanRandom,150,Alpha-Sort,88.9842,0.7309,SYNTHETIC_NOT_FOR_SUBMISSION
DoubanRandom,150,IC-RIS,76.0522,0.6533,SYNTHETIC_NOT_FOR_SUBMISSION
DoubanRandom,150,Random,62.6071,0.5726,SYNTHETIC_NOT_FOR_SUBMISSION
DoubanRandom,200,MC-CELF,134.7591,1.0283,SYNTHETIC_NOT_FOR_SUBMISSION
DoubanRandom,200,CIM-RIS,132.8534,1.0168,SYNTHETIC_NOT_FOR_SUBMISSION
DoubanRandom,200,1Hop-Sort,122.0999,0.9523,SYNTHETIC_NOT_FOR_SUBMISSION
DoubanRandom,200,Alpha-Sort,117.1996,0.9229,SYNTHETIC_NOT_FOR_SUBMISSION
DoubanRandom,200,IC-RIS,99.7762,0.8184,SYNTHETIC_NOT_FOR_SUBMISSION
DoubanRandom,200,Random,82.3528,0.7138,SYNTHETIC_NOT_FOR_SUBMISSION
EmailEnron,10,CIM-RIS,6.7104,0.1282,SYNTHETIC_NOT_FOR_SUBMISSION
EmailEnron,10,1Hop-Sort,6.2769,0.1256,SYNTHETIC_NOT_FOR_SUBMISSION
EmailEnron,10,Alpha-Sort,6.0064,0.1240,SYNTHETIC_NOT_FOR_SUBMISSION
EmailEnron,10,IC-RIS,5.1881,0.1191,SYNTHETIC_NOT_FOR_SUBMISSION
EmailEnron,10,Random,4.2408,0.1134,SYNTHETIC_NOT_FOR_SUBMISSION
EmailEnron,25,CIM-RIS,16.7518,0.2105,SYNTHETIC_NOT_FOR_SUBMISSION
EmailEnron,25,1Hop-Sort,15.6480,0.2039,SYNTHETIC_NOT_FOR_SUBMISSION
EmailEnron,25,Alpha-Sort,14.9773,0.1999,SYNTHETIC_NOT_FOR_SUBMISSION
EmailEnron,25,IC-RIS,12.9226,0.1875,SYNTHETIC_NOT_FOR_SUBMISSION
EmailEnron,25,Random,10.5707,0.1734,SYNTHETIC_NOT_FOR_SUBMISSION
EmailEnron,50,CIM-RIS,33.4284,0.3354,SYNTHETIC_NOT_FOR_SUBMISSION
EmailEnron,50,1Hop-Sort,31.1546,0.3218,SYNTHETIC_NOT_FOR_SUBMISSION
EmailEnron,50,Alpha-Sort,29.8311,0.3138,SYNTHETIC_NOT_FOR_SUBMISSION
EmailEnron,50,IC-RIS,25.6907,0.2890,SYNTHETIC_NOT_FOR_SUBMISSION
EmailEnron,50,Random,21.0412,0.2611,SYNTHETIC_NOT_FOR_SUBMISSION
EmailEnron,100,CIM-RIS,66.5738,0.5694,SYNTHETIC_NOT_FOR_SUBMISSION
EmailEnron,100,1Hop-Sort,61.7604,0.5406,SYNTHETIC_NOT_FOR_SUBMISSION
EmailEnron,100,Alpha-Sort,59.1842,0.5251,SYNTHETIC_NOT_FOR_SUBMISSION
EmailEnron,100,IC-RIS,50.7778,0.4747,SYNTHETIC_NOT_FOR_SUBMISSION
EmailEnron,100,Random,41.6934,0.4202,SYNTHETIC_NOT_FOR_SUBMISSION
EmailEnron,150,CIM-RIS,99.4531,0.7937,SYNTHETIC_NOT_FOR_SUBMISSION
EmailEnron,150,1Hop-Sort,91.8341,0.7480,SYNTHETIC_NOT_FOR_SUBMISSION
EmailEnron,150,Alpha-Sort,88.0754,0.7254,SYNTHETIC_NOT_FOR_SUBMISSION
EmailEnron,150,IC-RIS,75.2755,0.6486,SYNTHETIC_NOT_FOR_SUBMISSION
EmailEnron,150,Random,61.9677,0.5688,SYNTHETIC_NOT_FOR_SUBMISSION
EmailEnron,200,CIM-RIS,132.0739,1.0121,SYNTHETIC_NOT_FOR_SUBMISSION
EmailEnron,200,1Hop-Sort,121.3835,0.9480,SYNTHETIC_NOT_FOR_SUBMISSION
EmailEnron,200,Alpha-Sort,116.5119,0.9188,SYNTHETIC_NOT_FOR_SUBMISSION
EmailEnron,200,IC-RIS,99.1908,0.8149,SYNTHETIC_NOT_FOR_SUBMISSION
EmailEnron,200,Random,81.8696,0.7109,SYNTHETIC_NOT_FOR_SUBMISSION
