p_a,k,sampler,zero_fraction,coefficient_of_variation,useful_samples_per_10000,status
0.0100,50,Uniform root,0.605006,2.308508,3949.94,SYNTHETIC_NOT_FOR_SUBMISSION
0.0100,50,Conditioned root,0.000000,1.224745,10000.00,SYNTHETIC_NOT_FOR_SUBMISSION
0.0200,50,Uniform root,0.364170,1.712269,6358.30,SYNTHETIC_NOT_FOR_SUBMISSION
0.0200,50,Conditioned root,0.000000,1.224745,10000.00,SYNTHETIC_NOT_FOR_SUBMISSION
0.0500,50,Uniform root,0.076945,1.307057,9230.55,SYNTHETIC_NOT_FOR_SUBMISSION
0.0500,50,Conditioned root,0.000000,1.224745,10000.00,SYNTHETIC_NOT_FOR_SUBMISSION
0.1000,50,Uniform root,0.005154,1.230021,9948.46,SYNTHETIC_NOT_FOR_SUBMISSION
0.1000,50,Conditioned root,0.000000,1.224745,10000.00,SYNTHETIC_NOT_FOR_SUBMISSION
0.2000,50,Uniform root,0.000014,1.224759,9999.86,SYNTHETIC_NOT_FOR_SUBMISSION
0.2000,50,Conditioned root,0.000000,1.224745,10000.00,SYNTHETIC_NOT_FOR_SUBMISSION
0.4000,50,Uniform root,0.000000,1.224745,10000.00,SYNTHETIC_NOT_FOR_SUBMISSION
0.4000,50,Conditioned root,0.000000,1.224745,10000.00,SYNTHETIC_NOT_FOR_SUBMISSION
