dataset,nodes,edges,k,method,time_seconds,ci95,status
Netscience,379,1828,10,CIM-RIS,0.018796,0.001034,SYNTHETIC_NOT_FOR_SUBMISSION
Netscience,379,1828,10,IMM,0.032511,0.001788,SYNTHETIC_NOT_FOR_SUBMISSION
Netscience,379,1828,10,1Hop-Sort,0.011517,0.000500,SYNTHETIC_NOT_FOR_SUBMISSION
Netscience,379,1828,10,Alpha-Sort,0.003569,0.000500,SYNTHETIC_NOT_FOR_SUBMISSION
Netscience,379,1828,25,CIM-RIS,0.021345,0.001174,SYNTHETIC_NOT_FOR_SUBMISSION
Netscience,379,1828,25,IMM,0.033174,0.001825,SYNTHETIC_NOT_FOR_SUBMISSION
Netscience,379,1828,25,1Hop-Sort,0.011517,0.000500,SYNTHETIC_NOT_FOR_SUBMISSION
Netscience,379,1828,25,Alpha-Sort,0.003569,0.000500,SYNTHETIC_NOT_FOR_SUBMISSION
Netscience,379,1828,50,CIM-RIS,0.030449,0.001675,SYNTHETIC_NOT_FOR_SUBMISSION
Netscience,379,1828,50,IMM,0.034277,0.001885,SYNTHETIC_NOT_FOR_SUBMISSION
Netscience,379,1828,50,1Hop-Sort,0.011517,0.000500,SYNTHETIC_NOT_FOR_SUBMISSION
Netscience,379,1828,50,Alpha-Sort,0.003569,0.000500,SYNTHETIC_NOT_FOR_SUBMISSION
Netscience,379,1828,100,CIM-RIS,0.066864,0.003678,SYNTHETIC_NOT_FOR_SUBMISSION
Netscience,379,1828,100,IMM,0.036484,0.002007,SYNTHETIC_NOT_FOR_SUBMISSION
Netscience,379,1828,100,1Hop-Sort,0.011517,0.000500,SYNTHETIC_NOT_FOR_SUBMISSION
Netscience,379,1828,100,Alpha-Sort,0.003569,0.000500,SYNTHETIC_NOT_FOR_SUBMISSION
Netscience,379,1828,150,CIM-RIS,0.127557,0.007016,SYNTHETIC_NOT_FOR_SUBMISSION
Netscience,379,1828,150,IMM,0.038691,0.002128,SYNTHETIC_NOT_FOR_SUBMISSION
Netscience,379,1828,150,1Hop-Sort,0.011517,0.000500,SYNTHETIC_NOT_FOR_SUBMISSION
Netscience,379,1828,150,Alpha-Sort,0.003569,0.000500,SYNTHETIC_NOT_FOR_SUBMISSION
Netscience,379,1828,200,CIM-RIS,0.212527,0.011689,SYNTHETIC_NOT_FOR_SUBMISSION
Netscience,379,1828,200,IMM,0.040898,0.002249,SYNTHETIC_NOT_FOR_SUBMISSION
Netscience,379,1828,200,1Hop-Sort,0.011517,0.000500,SYNTHETIC_NOT_FOR_SUBMISSION
Netscience,379,1828,200,Alpha-Sort,0.003569,0.000500,SYNTHETIC_NOT_FOR_SUBMISSION
NetFacebookEgo,2888,5962,10,CIM-RIS,0.030222,0.001662,SYNTHETIC_NOT_FOR_SUBMISSION
NetFacebookEgo,2888,5962,10,IMM,0.100270,0.005515,SYNTHETIC_NOT_FOR_SUBMISSION
NetFacebookEgo,2888,5962,10,1Hop-Sort,0.028125,0.000563,SYNTHETIC_NOT_FOR_SUBMISSION
NetFacebookEgo,2888,5962,10,Alpha-Sort,0.007332,0.000500,SYNTHETIC_NOT_FOR_SUBMISSION
NetFacebookEgo,2888,5962,25,CIM-RIS,0.040444,0.002224,SYNTHETIC_NOT_FOR_SUBMISSION
NetFacebookEgo,2888,5962,25,IMM,0.102925,0.005661,SYNTHETIC_NOT_FOR_SUBMISSION
NetFacebookEgo,2888,5962,25,1Hop-Sort,0.028125,0.000563,SYNTHETIC_NOT_FOR_SUBMISSION
NetFacebookEgo,2888,5962,25,Alpha-Sort,0.007332,0.000500,SYNTHETIC_NOT_FOR_SUBMISSION
NetFacebookEgo,2888,5962,50,CIM-RIS,0.076950,0.004232,SYNTHETIC_NOT_FOR_SUBMISSION
NetFacebookEgo,2888,5962,50,IMM,0.107350,0.005904,SYNTHETIC_NOT_FOR_SUBMISSION
NetFacebookEgo,2888,5962,50,1Hop-Sort,0.028125,0.000563,SYNTHETIC_NOT_FOR_SUBMISSION
NetFacebookEgo,2888,5962,50,Alpha-Sort,0.007332,0.000500,SYNTHETIC_NOT_FOR_SUBMISSION
NetFacebookEgo,2888,5962,100,CIM-RIS,0.222975,0.012264,SYNTHETIC_NOT_FOR_SUBMISSION
NetFacebookEgo,2888,5962,100,IMM,0.116200,0.006391,SYNTHETIC_NOT_FOR_SUBMISSION
NetFacebookEgo,2888,5962,100,1Hop-Sort,0.028125,0.000563,SYNTHETIC_NOT_FOR_SUBMISSION
NetFacebookEgo,2888,5962,100,Alpha-Sort,0.007332,0.000500,SYNTHETIC_NOT_FOR_SUBMISSION
NetFacebookEgo,2888,5962,150,CIM-RIS,0.466350,0.025649,SYNTHETIC_NOT_FOR_SUBMISSION
NetFacebookEgo,2888,5962,150,IMM,0.125050,0.006878,SYNTHETIC_NOT_FOR_SUBMISSION
NetFacebookEgo,2888,5962,150,1Hop-Sort,0.028125,0.000563,SYNTHETIC_NOT_FOR_SUBMISSION
NetFacebookEgo,2888,5962,150,Alpha-Sort,0.007332,0.000500,SYNTHETIC_NOT_FOR_SUBMISSION
NetFacebookEgo,2888,5962,200,CIM-RIS,0.807075,0.044389,SYNTHETIC_NOT_FOR_SUBMISSION
NetFacebookEgo,2888,5962,200,IMM,0.133900,0.007365,SYNTHETIC_NOT_FOR_SUBMISSION
NetFacebookEgo,2888,5962,200,1Hop-Sort,0.028125,0.000563,SYNTHETIC_NOT_FOR_SUBMISSION
NetFacebookEgo,2888,5962,200,Alpha-Sort,0.007332,0.000500,SYNTHETIC_NOT_FOR_SUBMISSION
DoubanRandom,4723,11774,10,CIM-RIS,0.043375,0.002386,SYNTHETIC_NOT_FOR_SUBMISSION
DoubanRandom,4723,11774,10,IMM,0.178269,0.009805,SYNTHETIC_NOT_FOR_SUBMISSION
DoubanRandom,4723,11774,10,1Hop-Sort,0.047242,0.000945,SYNTHETIC_NOT_FOR_SUBMISSION
DoubanRandom,4723,11774,10,Alpha-Sort,0.010084,0.000500,SYNTHETIC_NOT_FOR_SUBMISSION
DoubanRandom,4723,11774,25,CIM-RIS,0.062429,0.003434,SYNTHETIC_NOT_FOR_SUBMISSION
DoubanRandom,4723,11774,25,IMM,0.183219,0.010077,SYNTHETIC_NOT_FOR_SUBMISSION
DoubanRandom,4723,11774,25,1Hop-Sort,0.047242,0.000945,SYNTHETIC_NOT_FOR_SUBMISSION
DoubanRandom,4723,11774,25,Alpha-Sort,0.010084,0.000500,SYNTHETIC_NOT_FOR_SUBMISSION
DoubanRandom,4723,11774,50,CIM-RIS,0.130479,0.007176,SYNTHETIC_NOT_FOR_SUBMISSION
DoubanRandom,4723,11774,50,IMM,0.191467,0.010531,SYNTHETIC_NOT_FOR_SUBMISSION
DoubanRandom,4723,11774,50,1Hop-Sort,0.047242,0.000945,SYNTHETIC_NOT_FOR_SUBMISSION
DoubanRandom,4723,11774,50,Alpha-Sort,0.010084,0.000500,SYNTHETIC_NOT_FOR_SUBMISSION
DoubanRandom,4723,11774,100,CIM-RIS,0.402680,0.022147,SYNTHETIC_NOT_FOR_SUBMISSION
DoubanRandom,4723,11774,100,IMM,0.207964,0.011438,SYNTHETIC_NOT_FOR_SUBMISSION
DoubanRandom,4723,11774,100,1Hop-Sort,0.047242,0.000945,SYNTHETIC_NOT_FOR_SUBMISSION
DoubanRandom,4723,11774,100,Alpha-Sort,0.010084,0.000500,SYNTHETIC_NOT_FOR_SUBMISSION
DoubanRandom,4723,11774,150,CIM-RIS,0.856347,0.047099,SYNTHETIC_NOT_FOR_SUBMISSION
DoubanRandom,4723,11774,150,IMM,0.224461,0.012345,SYNTHETIC_NOT_FOR_SUBMISSION
DoubanRandom,4723,11774,150,1Hop-Sort,0.047242,0.000945,SYNTHETIC_NOT_FOR_SUBMISSION
DoubanRandom,4723,11774,150,Alpha-Sort,0.010084,0.000500,SYNTHETIC_NOT_FOR_SUBMISSION
DoubanRandom,4723,11774,200,CIM-RIS,1.491482,0.082031,SYNTHETIC_NOT_FOR_SUBMISSION
DoubanRandom,4723,11774,200,IMM,0.240958,0.013253,SYNTHETIC_NOT_FOR_SUBMISSION
DoubanRandom,4723,11774,200,1Hop-Sort,0.047242,0.000945,SYNTHETIC_NOT_FOR_SUBMISSION
DoubanRandom,4723,11774,200,Alpha-Sort,0.010084,0.000500,SYNTHETIC_NOT_FOR_SUBMISSION
EmailEnron,33696,361622,10,CIM-RIS,0.694947,0.038222,SYNTHETIC_NOT_FOR_SUBMISSION
EmailEnron,33696,361622,10,IMM,4.042244,0.222323,SYNTHETIC_NOT_FOR_SUBMISSION
EmailEnron,33696,361622,10,1Hop-Sort,0.994295,0.019886,SYNTHETIC_NOT_FOR_SUBMISSION
EmailEnron,33696,361622,10,Alpha-Sort,0.053544,0.001071,SYNTHETIC_NOT_FOR_SUBMISSION
EmailEnron,33696,361622,25,CIM-RIS,1.151539,0.063335,SYNTHETIC_NOT_FOR_SUBMISSION
EmailEnron,33696,361622,25,IMM,4.160839,0.228846,SYNTHETIC_NOT_FOR_SUBMISSION
EmailEnron,33696,361622,25,1Hop-Sort,0.994295,0.019886,SYNTHETIC_NOT_FOR_SUBMISSION
EmailEnron,33696,361622,25,Alpha-Sort,0.053544,0.001071,SYNTHETIC_NOT_FOR_SUBMISSION
EmailEnron,33696,361622,50,CIM-RIS,2.782226,0.153022,SYNTHETIC_NOT_FOR_SUBMISSION
EmailEnron,33696,361622,50,IMM,4.358498,0.239717,SYNTHETIC_NOT_FOR_SUBMISSION
EmailEnron,33696,361622,50,1Hop-Sort,0.994295,0.019886,SYNTHETIC_NOT_FOR_SUBMISSION
EmailEnron,33696,361622,50,Alpha-Sort,0.053544,0.001071,SYNTHETIC_NOT_FOR_SUBMISSION
EmailEnron,33696,361622,100,CIM-RIS,9.304973,0.511774,SYNTHETIC_NOT_FOR_SUBMISSION
EmailEnron,33696,361622,100,IMM,4.753816,0.261460,SYNTHETIC_NOT_FOR_SUBMISSION
EmailEnron,33696,361622,100,1Hop-Sort,0.994295,0.019886,SYNTHETIC_NOT_FOR_SUBMISSION
EmailEnron,33696,361622,100,Alpha-Sort,0.053544,0.001071,SYNTHETIC_NOT_FOR_SUBMISSION
EmailEnron,33696,361622,150,CIM-RIS,20.176218,1.109692,SYNTHETIC_NOT_FOR_SUBMISSION
EmailEnron,33696,361622,150,IMM,5.149134,0.283202,SYNTHETIC_NOT_FOR_SUBMISSION
EmailEnron,33696,361622,150,1Hop-Sort,0.994295,0.019886,SYNTHETIC_NOT_FOR_SUBMISSION
EmailEnron,33696,361622,150,Alpha-Sort,0.053544,0.001071,SYNTHETIC_NOT_FOR_SUBMISSION
EmailEnron,33696,361622,200,CIM-RIS,35.395961,1.946778,SYNTHETIC_NOT_FOR_SUBMISSION
EmailEnron,33696,361622,200,IMM,5.544452,0.304945,SYNTHETIC_NOT_FOR_SUBMISSION
EmailEnron,33696,361622,200,1Hop-Sort,0.994295,0.019886,SYNTHETIC_NOT_FOR_SUBMISSION
EmailEnron,33696,361622,200,Alpha-Sort,0.053544,0.001071,SYNTHETIC_NOT_FOR_SUBMISSION
network.douban,154907,654206,10,CIM-RIS,1.406674,0.077367,SYNTHETIC_NOT_FOR_SUBMISSION
network.douban,154907,654206,10,IMM,8.262953,0.454462,SYNTHETIC_NOT_FOR_SUBMISSION
network.douban,154907,654206,10,1Hop-Sort,2.028783,0.040576,SYNTHETIC_NOT_FOR_SUBMISSION
network.douban,154907,654206,10,Alpha-Sort,0.235361,0.004707,SYNTHETIC_NOT_FOR_SUBMISSION
network.douban,154907,654206,25,CIM-RIS,2.341200,0.128766,SYNTHETIC_NOT_FOR_SUBMISSION
network.douban,154907,654206,25,IMM,8.505687,0.467813,SYNTHETIC_NOT_FOR_SUBMISSION
network.douban,154907,654206,25,1Hop-Sort,2.028783,0.040576,SYNTHETIC_NOT_FOR_SUBMISSION
network.douban,154907,654206,25,Alpha-Sort,0.235361,0.004707,SYNTHETIC_NOT_FOR_SUBMISSION
network.douban,154907,654206,50,CIM-RIS,5.678791,0.312334,SYNTHETIC_NOT_FOR_SUBMISSION
network.douban,154907,654206,50,IMM,8.910243,0.490063,SYNTHETIC_NOT_FOR_SUBMISSION
network.douban,154907,654206,50,1Hop-Sort,2.028783,0.040576,SYNTHETIC_NOT_FOR_SUBMISSION
network.douban,154907,654206,50,Alpha-Sort,0.235361,0.004707,SYNTHETIC_NOT_FOR_SUBMISSION
network.douban,154907,654206,100,CIM-RIS,19.029156,1.046604,SYNTHETIC_NOT_FOR_SUBMISSION
network.douban,154907,654206,100,IMM,9.719356,0.534565,SYNTHETIC_NOT_FOR_SUBMISSION
network.douban,154907,654206,100,1Hop-Sort,2.028783,0.040576,SYNTHETIC_NOT_FOR_SUBMISSION
network.douban,154907,654206,100,Alpha-Sort,0.235361,0.004707,SYNTHETIC_NOT_FOR_SUBMISSION
network.douban,154907,654206,150,CIM-RIS,41.279763,2.270387,SYNTHETIC_NOT_FOR_SUBMISSION
network.douban,154907,654206,150,IMM,10.528469,0.579066,SYNTHETIC_NOT_FOR_SUBMISSION
network.douban,154907,654206,150,1Hop-Sort,2.028783,0.040576,SYNTHETIC_NOT_FOR_SUBMISSION
network.douban,154907,654206,150,Alpha-Sort,0.235361,0.004707,SYNTHETIC_NOT_FOR_SUBMISSION
network.douban,154907,654206,200,CIM-RIS,72.430614,3.983684,SYNTHETIC_NOT_FOR_SUBMISSION
network.douban,154907,654206,200,IMM,11.337582,0.623567,SYNTHETIC_NOT_FOR_SUBMISSION
network.douban,154907,654206,200,1Hop-Sort,2.028783,0.040576,SYNTHETIC_NOT_FOR_SUBMISSION
network.douban,154907,654206,200,Alpha-Sort,0.235361,0.004707,SYNTHETIC_NOT_FOR_SUBMISSION
