dataset,scenario,k,method,selection_repeats,mean_adopters,std_across_selection_runs,ci95_across_selection_runs,ci_method,mean_redemptions,protocol_version,status
network.douban,balanced,10,1Hop-Sort,5,6.52972000000001,0.012947084613915897,0.01607592884679728,student_t_two_sided_95,6.5359000000000025,evidence-20260913-large-graph,REAL_EXPERIMENT
network.douban,balanced,10,Alpha-Sort,5,5.973320000000011,0.022620499552402695,0.02808705991560284,student_t_two_sided_95,6.089400000000009,evidence-20260913-large-graph,REAL_EXPERIMENT
network.douban,balanced,10,CIM-RIS,5,6.706299999999997,0.0756587734502731,0.09394277514145907,student_t_two_sided_95,6.706519999999998,evidence-20260913-large-graph,REAL_EXPERIMENT
network.douban,balanced,10,DegreeTopM,5,5.994039999999999,0.009216723929897292,0.011444074285136604,student_t_two_sided_95,6.000499999999995,evidence-20260913-large-graph,REAL_EXPERIMENT
network.douban,balanced,10,IC-RIS,5,6.682559999999992,0.09852364183281387,0.12233325903572753,student_t_two_sided_95,6.682740000000002,evidence-20260913-large-graph,REAL_EXPERIMENT
network.douban,balanced,10,PageRank,5,5.983939999999997,0.008975967914383223,0.011145136208321796,student_t_two_sided_95,5.990159999999996,evidence-20260913-large-graph,REAL_EXPERIMENT
network.douban,balanced,10,Random,5,6.6605000000000185,0.03562779813572107,0.04423775428039612,student_t_two_sided_95,6.660620000000008,evidence-20260913-large-graph,REAL_EXPERIMENT
network.douban,balanced,25,1Hop-Sort,5,16.351620000000047,0.025630977351601074,0.03182506181625917,student_t_two_sided_95,16.36186000000001,evidence-20260913-large-graph,REAL_EXPERIMENT
network.douban,balanced,25,Alpha-Sort,5,15.905219999999982,0.020007923430493183,0.024843118202460983,student_t_two_sided_95,16.56821999999997,evidence-20260913-large-graph,REAL_EXPERIMENT
network.douban,balanced,25,CIM-RIS,5,16.797320000000006,0.11942272396825632,0.14828289691880991,student_t_two_sided_95,16.80060000000002,evidence-20260913-large-graph,REAL_EXPERIMENT
network.douban,balanced,25,DegreeTopM,5,15.033499999999998,0.014651279807570205,0.01819196666466973,student_t_two_sided_95,15.062319999999975,evidence-20260913-large-graph,REAL_EXPERIMENT
network.douban,balanced,25,IC-RIS,5,16.81637999999999,0.06492651230424476,0.08061691285711459,student_t_two_sided_95,16.816899999999993,evidence-20260913-large-graph,REAL_EXPERIMENT
network.douban,balanced,25,PageRank,5,14.977379999999986,0.021250105882065697,0.02638549143177907,student_t_two_sided_95,15.004299999999986,evidence-20260913-large-graph,REAL_EXPERIMENT
network.douban,balanced,25,Random,5,16.837079999999958,0.11281678509867708,0.1400805404501185,student_t_two_sided_95,16.840339999999998,evidence-20260913-large-graph,REAL_EXPERIMENT
network.douban,balanced,50,1Hop-Sort,5,32.67778000000002,0.012720338045713684,0.01579438579634434,student_t_two_sided_95,32.695779999999964,evidence-20260913-large-graph,REAL_EXPERIMENT
network.douban,balanced,50,Alpha-Sort,5,32.535559999999975,0.02624096034825432,0.03258245574271996,student_t_two_sided_95,33.97400000000006,evidence-20260913-large-graph,REAL_EXPERIMENT
network.douban,balanced,50,CIM-RIS,5,33.45992,0.2248519223844754,0.2791905369517107,student_t_two_sided_95,33.476939999999985,evidence-20260913-large-graph,REAL_EXPERIMENT
network.douban,balanced,50,DegreeTopM,5,30.13630000000001,0.029515504400192977,0.036648339202544476,student_t_two_sided_95,30.229160000000004,evidence-20260913-large-graph,REAL_EXPERIMENT
network.douban,balanced,50,IC-RIS,5,33.59615999999999,0.10818282211153361,0.13432671543997368,student_t_two_sided_95,33.60304000000004,evidence-20260913-large-graph,REAL_EXPERIMENT
network.douban,balanced,50,PageRank,5,29.98170000000001,0.026278793731828596,0.03262943209303437,student_t_two_sided_95,30.068639999999927,evidence-20260913-large-graph,REAL_EXPERIMENT
network.douban,balanced,50,Random,5,33.64007999999995,0.12735657423152585,0.15813407315785116,student_t_two_sided_95,33.64988000000002,evidence-20260913-large-graph,REAL_EXPERIMENT
network.douban,balanced,100,1Hop-Sort,5,65.11307999999995,0.07895936929835604,0.09804100617864447,student_t_two_sided_95,65.92831999999989,evidence-20260913-large-graph,REAL_EXPERIMENT
network.douban,balanced,100,Alpha-Sort,5,64.41017999999988,0.06230655663715375,0.07736380822839775,student_t_two_sided_95,68.53971999999986,evidence-20260913-large-graph,REAL_EXPERIMENT
network.douban,balanced,100,CIM-RIS,5,66.82286000000015,0.25530175870923855,0.3169990024673664,student_t_two_sided_95,66.86825999999995,evidence-20260913-large-graph,REAL_EXPERIMENT
network.douban,balanced,100,DegreeTopM,5,60.189020000000006,0.05774887011882503,0.0717046929634903,student_t_two_sided_95,60.53416000000004,evidence-20260913-large-graph,REAL_EXPERIMENT
network.douban,balanced,100,IC-RIS,5,66.68056000000031,0.27755164023989315,0.3446258793282791,student_t_two_sided_95,66.72648000000005,evidence-20260913-large-graph,REAL_EXPERIMENT
network.douban,balanced,100,PageRank,5,58.91408000000001,0.05269816884873656,0.06543341903073942,student_t_two_sided_95,59.14098000000008,evidence-20260913-large-graph,REAL_EXPERIMENT
network.douban,balanced,100,Random,5,67.18589999999993,0.11431272894998681,0.14193800007362406,student_t_two_sided_95,67.22971999999997,evidence-20260913-large-graph,REAL_EXPERIMENT
network.douban,balanced,150,1Hop-Sort,5,97.45674000000012,0.052741662848346284,0.0654874239641927,student_t_two_sided_95,99.1884599999999,evidence-20260913-large-graph,REAL_EXPERIMENT
network.douban,balanced,150,Alpha-Sort,5,92.23841999999988,0.03916761417309252,0.048633016414264575,student_t_two_sided_95,102.29288000000003,evidence-20260913-large-graph,REAL_EXPERIMENT
network.douban,balanced,150,CIM-RIS,5,100.05824000000013,0.2627142230636757,0.32620279259423973,student_t_two_sided_95,100.15509999999998,evidence-20260913-large-graph,REAL_EXPERIMENT
network.douban,balanced,150,DegreeTopM,5,90.30878000000014,0.061221744502964776,0.0760168360565607,student_t_two_sided_95,91.0243600000001,evidence-20260913-large-graph,REAL_EXPERIMENT
network.douban,balanced,150,IC-RIS,5,100.44411999999993,0.21683292416052455,0.269233635555371,student_t_two_sided_95,100.50113999999981,evidence-20260913-large-graph,REAL_EXPERIMENT
network.douban,balanced,150,PageRank,5,87.75177999999993,0.019453071736985534,0.024154178830290144,student_t_two_sided_95,88.15624000000004,evidence-20260913-large-graph,REAL_EXPERIMENT
network.douban,balanced,150,Random,5,100.68817999999983,0.32004382043721924,0.397386889684486,student_t_two_sided_95,100.77417999999983,evidence-20260913-large-graph,REAL_EXPERIMENT
network.douban,balanced,200,1Hop-Sort,5,129.76095999999973,0.04372885774884685,0.054296548349316937,student_t_two_sided_95,132.5813600000002,evidence-20260913-large-graph,REAL_EXPERIMENT
network.douban,balanced,200,Alpha-Sort,5,120.97077999999996,0.042895186209902306,0.05326140841308237,student_t_two_sided_95,136.39526000000026,evidence-20260913-large-graph,REAL_EXPERIMENT
network.douban,balanced,200,CIM-RIS,5,133.05215999999993,0.30808681081792416,0.38254030131403116,student_t_two_sided_95,133.25699999999995,evidence-20260913-large-graph,REAL_EXPERIMENT
network.douban,balanced,200,DegreeTopM,5,120.45571999999996,0.06734773195887447,0.08362325413401166,student_t_two_sided_95,121.72504000000022,evidence-20260913-large-graph,REAL_EXPERIMENT
network.douban,balanced,200,IC-RIS,5,133.9888,0.37392551397290386,0.4642898487099942,student_t_two_sided_95,134.1152600000002,evidence-20260913-large-graph,REAL_EXPERIMENT
network.douban,balanced,200,PageRank,5,116.22279999999986,0.05926959591557222,0.07359292343645102,student_t_two_sided_95,116.79561999999989,evidence-20260913-large-graph,REAL_EXPERIMENT
network.douban,balanced,200,Random,5,134.14366000000007,0.34710867606586304,0.4309923465351555,student_t_two_sided_95,134.28995999999958,evidence-20260913-large-graph,REAL_EXPERIMENT
