dataset,scenario,k,sampler,batch_size,repeats,mean_spread_estimate,std_spread_estimate,coefficient_of_variation,mean_zero_fraction,mean_batch_seconds,status
Netscience,forwarding-heavy,10,Uniform root,20000,30,1.40166833,0.14185101,0.10120155,0.68431667,0.26626325,REAL_EXPERIMENT
Netscience,forwarding-heavy,10,Conditioned root,20000,30,1.42657546,0.08851999,0.06205069,0.00000000,0.41826260,REAL_EXPERIMENT
Netscience,forwarding-heavy,50,Uniform root,20000,30,6.29519000,0.31099827,0.04940252,0.16103667,0.63749088,REAL_EXPERIMENT
Netscience,forwarding-heavy,50,Conditioned root,20000,30,6.33744469,0.35736277,0.05638909,0.00000000,0.65818811,REAL_EXPERIMENT
Netscience,forwarding-heavy,200,Uniform root,20000,30,24.74491000,0.61829855,0.02498690,0.00225167,1.99067243,REAL_EXPERIMENT
Netscience,forwarding-heavy,200,Conditioned root,20000,30,24.76057538,0.73558619,0.02970796,0.00000000,1.76170722,REAL_EXPERIMENT
EmailEnron,forwarding-heavy,10,Uniform root,20000,30,2.24640000,2.43682545,1.08476916,0.60963000,0.51357354,REAL_EXPERIMENT
EmailEnron,forwarding-heavy,10,Conditioned root,20000,30,2.12643990,0.92498234,0.43499106,0.00000000,1.02635450,REAL_EXPERIMENT
EmailEnron,forwarding-heavy,50,Uniform root,20000,30,11.51280000,4.53556372,0.39395835,0.08972833,1.89087352,REAL_EXPERIMENT
EmailEnron,forwarding-heavy,50,Conditioned root,20000,30,12.83221449,4.38423449,0.34165845,0.00000000,1.97907491,REAL_EXPERIMENT
EmailEnron,forwarding-heavy,200,Uniform root,20000,30,44.42256000,9.72870661,0.21900374,0.00034000,6.77959301,REAL_EXPERIMENT
EmailEnron,forwarding-heavy,200,Conditioned root,20000,30,46.09246198,9.46044665,0.20524932,0.00000000,6.67062223,REAL_EXPERIMENT
