dataset,scenario,k,rr_samples,selection_seed,independent_q_spread,reference_q_spread,gap_to_reference_pct,training_rr_estimate,training_optimism_pct,rr_memberships,selection_seconds,status
NetFacebookEgo,forwarding-heavy,100,50000,20260721,11.846305114256126,12.711203623364717,6.804221966193702,44.28907837868854,273.86406944212507,558248,2.2403175570070744,POST_HOC_DIAGNOSTIC
NetFacebookEgo,forwarding-heavy,100,50000,20260722,11.736545078663237,12.711203623364717,7.667712465166877,44.0014869606451,274.9100494713625,578534,2.2776992259314284,POST_HOC_DIAGNOSTIC
NetFacebookEgo,forwarding-heavy,100,50000,20260723,11.705243838768421,12.711203623364717,7.91396168610832,45.72703546890569,290.65427511603986,600167,2.32045181596186,POST_HOC_DIAGNOSTIC
NetFacebookEgo,forwarding-heavy,100,100000,20260721,11.785821022620311,12.711203623364717,7.280054888299027,34.05082389634235,188.91346501011026,1175603,4.370706400019117,POST_HOC_DIAGNOSTIC
NetFacebookEgo,forwarding-heavy,100,100000,20260722,11.813747323892606,12.711203623364717,7.060356564680301,33.993305612733664,187.74363189556468,1183984,4.349890049081296,POST_HOC_DIAGNOSTIC
NetFacebookEgo,forwarding-heavy,100,100000,20260723,11.773209785090614,12.711203623364717,7.379268447481699,34.252137888972754,190.93287654101823,1189734,4.378044464043342,POST_HOC_DIAGNOSTIC
NetFacebookEgo,forwarding-heavy,100,250000,20260721,12.014737929399885,12.711203623364717,5.47914827424088,24.939927772726424,107.57779253510633,2873507,10.329450175981037,POST_HOC_DIAGNOSTIC
NetFacebookEgo,forwarding-heavy,100,250000,20260722,11.89913145638268,12.711203623364717,6.3886331384806985,25.089475310109012,110.85131635091777,2942268,10.460315864067525,POST_HOC_DIAGNOSTIC
NetFacebookEgo,forwarding-heavy,100,250000,20260723,11.964033790059078,12.711203623364717,5.87804157217851,25.031957026500326,109.22673293767686,2909791,10.482322504976764,POST_HOC_DIAGNOSTIC
NetFacebookEgo,forwarding-heavy,100,500000,20260721,12.059506920595915,12.711203623364717,5.126947235515178,20.884888778314036,73.18194612621872,5848404,20.620017114910297,POST_HOC_DIAGNOSTIC
NetFacebookEgo,forwarding-heavy,100,500000,20260722,12.05996684908429,12.711203623364717,5.123328943321905,21.206991166522677,75.84618126983423,5905915,20.545624573947862,POST_HOC_DIAGNOSTIC
NetFacebookEgo,forwarding-heavy,100,500000,20260723,12.094840021230242,12.711203623364717,4.848979061286731,20.63756015879668,70.63111312403704,5816212,20.819488207926042,POST_HOC_DIAGNOSTIC
