dataset,scenario,k,reference_spread_q,cim_spread_q_mean,best_baseline,best_baseline_spread_q_mean,cim_gap_to_reference_pct,baseline_gap_to_reference_pct,cim_gain_over_baseline_pct,rr_estimate_optimism_pct_mean,rr_estimate_optimism_pct_std,reference_immediate_redemption_fraction,mean_adoption_probability,mean_transfer_probability,degree_one_fraction,rr_samples,expected_nonempty_rr_sets_per_index,expected_nonempty_rr_sets_per_index_per_candidate,status
NetFacebookEgo,adoption-heavy,10,8.282566316983827,8.21265757852563,IC-RIS,8.162816208615189,0.8440468302058277,1.4458092309274309,0.6105903726931551,68.72063781933204,3.388522640923681,0.9218082677052558,0.7619602930836699,0.08260546307114015,0.9660664819944599,100000,76196.32795936265,26.38377006903139,POST_HOC_DIAGNOSTIC
NetFacebookEgo,adoption-heavy,25,20.659822071484115,20.49020333019877,IC-RIS,20.426835900012303,0.8210077545607795,1.1277259342586128,0.3102165724375801,66.99217502404422,0.4292098024347547,0.9222148885075361,0.7619602930836699,0.08260546307114015,0.9660664819944599,100000,76196.02932802417,26.383666664828315,POST_HOC_DIAGNOSTIC
NetFacebookEgo,adoption-heavy,50,41.18853793732498,40.81299900465779,IC-RIS,40.79432620183567,0.9117559191798298,0.9570908685546546,0.04577303895088372,64.26677799743304,1.3036276749742512,0.9227195505388652,0.7619602930836699,0.08260546307114015,0.9660664819944599,100000,76196.02930836698,26.38366665802181,POST_HOC_DIAGNOSTIC
NetFacebookEgo,adoption-heavy,100,81.93183438313285,81.23656783716834,IC-RIS,81.17087565705619,0.8485914555669314,0.9287705222346676,0.0809307274073255,86.42647047714135,0.6916346421819455,0.9232913068821391,0.7619602930836699,0.08260546307114015,0.9660664819944599,50000,38098.01465418349,13.191833329010905,POST_HOC_DIAGNOSTIC
NetFacebookEgo,adoption-heavy,150,122.32472445964592,121.28726891444184,IC-RIS,121.26078504786511,0.8481159878241391,0.869766448672275,0.02184042150664933,83.62300767543313,1.214858615476419,0.9237075874580747,0.7619602930836699,0.08260546307114015,0.9660664819944599,50000,38098.01465418349,13.191833329010905,POST_HOC_DIAGNOSTIC
NetFacebookEgo,adoption-heavy,200,162.43414032513337,161.05093625508664,IC-RIS,160.97755707490842,0.8515476286438706,0.8967223560942351,0.045583484748793826,81.40175923165503,1.111361925926255,0.9240503877499135,0.7619602930836699,0.08260546307114015,0.9660664819944599,50000,38098.01465418349,13.191833329010905,POST_HOC_DIAGNOSTIC
NetFacebookEgo,balanced,10,6.551021613425644,6.360590069435728,IC-RIS,6.477414240578144,2.9068984232878523,1.1236014348761982,-1.803561835069373,75.43843091725923,2.1899115786123073,0.594218860753953,0.38913151230961984,0.5,0.9660664819944599,100000,39197.649690410304,13.57259338310606,POST_HOC_DIAGNOSTIC
NetFacebookEgo,balanced,25,15.85564199974615,15.504378128804676,IC-RIS,15.665948098515985,2.2153872479404924,1.1963810814674134,-1.0313449827311376,77.00201568497998,4.258240798636845,0.5934530557308045,0.38913151230961984,0.5,0.9660664819944599,100000,38913.33230346162,13.474145534439618,POST_HOC_DIAGNOSTIC
NetFacebookEgo,balanced,50,30.38922938200772,29.80117521029582,IC-RIS,29.713777810132896,1.935074313072458,2.2226676543325983,0.294130893491168,76.53522466131842,2.0560659916938215,0.5951869890145095,0.38913151230961984,0.5,0.9660664819944599,100000,38913.15123261368,13.47408283677759,POST_HOC_DIAGNOSTIC
NetFacebookEgo,balanced,100,57.16347874658939,55.96344819611877,IC-RIS,55.52563576618986,2.0992958734902407,2.865191231030973,0.7884870184512138,115.87825164348227,3.1783441382506457,0.5967635629927053,0.38913151230961984,0.5,0.9660664819944599,50000,19456.57561548099,6.7370414181028355,POST_HOC_DIAGNOSTIC
NetFacebookEgo,balanced,150,82.41153437913175,80.70348506304047,IC-RIS,80.26561866147352,2.0725852624384444,2.6039021525627795,0.5455217425205249,117.54575796025262,1.5524256294708942,0.5978590157694331,0.38913151230961984,0.5,0.9660664819944599,50000,19456.57561548099,6.7370414181028355,POST_HOC_DIAGNOSTIC
NetFacebookEgo,balanced,200,107.00328786301013,105.40638397695977,IC-RIS,104.72733342782607,1.4923876807362928,2.126994862155852,0.6483985860307238,118.75319701873286,1.1409603020928014,0.5989219722427153,0.38913151230961984,0.5,0.9660664819944599,50000,19456.57561548099,6.7370414181028355,POST_HOC_DIAGNOSTIC
NetFacebookEgo,forwarding-heavy,10,1.3793756365591516,1.207380426392407,1Hop-Sort,1.3601336901835581,12.46906249524503,1.3949750789851914,-11.230753630588778,117.96947631996476,6.986228205821488,0.39005479943894,0.05456575615480999,0.9299999999999999,0.9660664819944599,100000,12711.09452296026,4.401348519030561,POST_HOC_DIAGNOSTIC
NetFacebookEgo,forwarding-heavy,25,3.354036309112408,3.0285633586801044,1Hop-Sort,3.263346695940262,9.703918515969635,2.703894794631645,-7.194556972822959,158.30663602066795,4.066530257491638,0.3970726055419898,0.05456575615480999,0.9299999999999999,0.9660664819944599,100000,7241.010777110918,2.50727519983065,POST_HOC_DIAGNOSTIC
NetFacebookEgo,forwarding-heavy,50,6.541444184803257,5.954844297955451,1Hop-Sort,6.302345866671249,8.967437010477973,3.655130447913457,-5.513844782043682,179.80678746759173,1.8839183039818834,0.405859677802666,0.05456575615480999,0.9299999999999999,0.9660664819944599,100000,5812.600652534341,2.0126733561407,POST_HOC_DIAGNOSTIC
NetFacebookEgo,forwarding-heavy,100,12.711203623364717,11.681205879163318,1Hop-Sort,11.728662943729688,8.10307013183346,7.729721816657879,-0.40462467711838285,286.13546993771956,3.5457733603993917,0.41328174144944274,0.05456575615480999,0.9299999999999999,0.9660664819944599,50000,2739.7532382432328,0.9486680187822828,POST_HOC_DIAGNOSTIC
NetFacebookEgo,forwarding-heavy,150,18.692630856577804,17.510835080029956,1Hop-Sort,17.24066436539005,6.322254933590485,7.767587678418297,1.5670551256845044,283.09607042623435,2.4968356062667225,0.4186294735902618,0.05456575615480999,0.9299999999999999,0.9660664819944599,50000,2729.629989747539,0.9451627388322504,POST_HOC_DIAGNOSTIC
NetFacebookEgo,forwarding-heavy,200,24.54054587355103,23.119531365792735,IC-RIS,22.782762494677964,5.790476361366578,7.1627721238570485,1.4781739975274713,282.6365679742952,1.9965726194388465,0.42312131927767543,0.05456575615480999,0.9299999999999999,0.9660664819944599,50000,2728.7036923565797,0.9448419987384279,POST_HOC_DIAGNOSTIC
Netscience,adoption-heavy,10,8.125393021268422,7.898217963626586,1Hop-Sort,8.112115902227638,2.7958654682573463,0.16340279179150563,-2.6367712342758023,19.323417435696246,1.1582457353987112,0.900584273755781,0.6418346228928842,0.1855703232346707,0.0712401055408971,100000,64189.32354687753,169.3649697806795,POST_HOC_DIAGNOSTIC
Netscience,adoption-heavy,25,20.256183931264363,19.738043107401225,Alpha-Sort,20.235228443686346,2.557938976173173,0.10345229708185111,-2.457028531547164,17.9663720099977,0.5651478276106409,0.9023433285100496,0.6418346228928842,0.1855703232346707,0.0712401055408971,100000,64183.4624162909,169.34950505617653,POST_HOC_DIAGNOSTIC
Netscience,adoption-heavy,50,40.18701819334957,39.26144513811877,Alpha-Sort,39.687063861462626,2.303164297429685,1.2440692401748856,-1.072436915035031,17.19639927496925,0.5884805288157645,0.8865262857171917,0.6418346228928842,0.1855703232346707,0.0712401055408971,100000,64183.462289288436,169.34950472107766,POST_HOC_DIAGNOSTIC
Netscience,adoption-heavy,100,79.44269382180764,77.29823766254923,Alpha-Sort,78.37917383569415,2.6993749281318316,1.3387259859276652,-1.3791114657713552,22.506887798411018,0.4261316690120717,0.8724693273295844,0.6418346228928842,0.1855703232346707,0.0712401055408971,50000,32091.731144644207,84.6747523605388,POST_HOC_DIAGNOSTIC
Netscience,adoption-heavy,150,117.83427839744778,115.29979659057494,Alpha-Sort,115.32151018629543,2.1508866870845353,2.132459455199391,-0.01882874728696103,19.465969047083334,0.5859597418182884,0.8607904439777085,0.6418346228928842,0.1855703232346707,0.0712401055408971,50000,32091.731144644207,84.6747523605388,POST_HOC_DIAGNOSTIC
Netscience,adoption-heavy,200,154.16663165720388,151.70146154076264,Alpha-Sort,151.75224039755938,1.5990296278397353,1.5660919835188498,-0.03346168508860856,17.104789588686153,0.29983144161664527,0.8526284168581408,0.6418346228928842,0.1855703232346707,0.0712401055408971,50000,32091.731144644207,84.6747523605388,POST_HOC_DIAGNOSTIC
Netscience,balanced,10,6.678545846638704,6.409737625722235,1Hop-Sort,6.527081330496898,4.02495134553519,2.267926575933252,-1.7977974968136374,22.170562260655025,2.3083523640235915,0.5695384710336061,0.3548098922551097,0.5,0.0712401055408971,100000,35941.450653359185,94.83232362363901,POST_HOC_DIAGNOSTIC
Netscience,balanced,25,16.500052690258556,15.961096386165348,Alpha-Sort,16.30193387231474,3.2663914122613793,1.200716274444275,-2.0907794671418154,20.97492156417773,0.5915986896014641,0.5704089960258036,0.3548098922551097,0.5,0.0712401055408971,100000,35481.726980631116,93.61933240272062,POST_HOC_DIAGNOSTIC
Netscience,balanced,50,32.49430968090559,31.830001099975167,IC-RIS,31.793484041021372,2.0443843474563286,2.1567642050756857,0.1148570534348444,20.04705252863375,0.5601247228349502,0.5688553202038069,0.3548098922551097,0.5,0.0712401055408971,100000,35480.98924903746,93.61738588136534,POST_HOC_DIAGNOSTIC
Netscience,balanced,100,63.13270382875909,61.95035662516587,IC-RIS,62.40645811298748,1.8727967153129037,1.1503478731743813,-0.7308562312506771,27.245880603889393,0.6936563506288569,0.5680299162257422,0.3548098922551097,0.5,0.0712401055408971,50000,17740.494612755483,46.808692909645075,POST_HOC_DIAGNOSTIC
Netscience,balanced,150,91.94391657266675,90.50376015545599,IC-RIS,91.10132578467203,1.5663422561214786,0.9164182029691892,-0.6559351623800153,25.359101130943262,0.6271844590047041,0.5665770431290788,0.3548098922551097,0.5,0.0712401055408971,50000,17740.494612755483,46.808692909645075,POST_HOC_DIAGNOSTIC
Netscience,balanced,200,118.59796001885515,117.18609290789537,IC-RIS,117.88647239671091,1.190464920927233,0.5999155651843573,-0.5941135353161042,23.63972886589802,0.3648947999120315,0.565388195552401,0.3548098922551097,0.5,0.0712401055408971,50000,17740.494612755483,46.808692909645075,POST_HOC_DIAGNOSTIC
Netscience,forwarding-heavy,10,1.4462238227245234,1.3738775423356315,IC-RIS,1.3923348702668457,5.0024262670905,3.7261834310098028,-1.3256385604762395,22.55843999030945,2.3745887906603196,0.346891213238236,0.03740494612755488,0.9299999999999999,0.0712401055408971,100000,11870.244032145169,31.31990509800836,POST_HOC_DIAGNOSTIC
Netscience,forwarding-heavy,25,3.5334945717655266,3.3622152961325154,Alpha-Sort,3.477436938126666,4.847305469254784,1.5864644051469723,-3.313407088159072,34.3083071025886,0.7190204370099678,0.3436099630250502,0.03740494612755488,0.9299999999999999,0.0712401055408971,100000,6159.895778744366,16.253023162913895,POST_HOC_DIAGNOSTIC
Netscience,forwarding-heavy,50,6.880047530208131,6.599495829631255,Alpha-Sort,6.74393406775819,4.077758174562909,1.9783796820052457,-2.1417504482654026,42.331510300855804,0.4669582960108612,0.33821783497362534,0.03740494612755488,0.9299999999999999,0.0712401055408971,100000,4457.100139434104,11.760158679245656,POST_HOC_DIAGNOSTIC
Netscience,forwarding-heavy,100,13.282011762427137,12.770675521410194,Alpha-Sort,13.082949376231973,3.849840296508685,1.4987367106410991,-2.3868765814311903,68.37169213738461,0.791509780703612,0.3330945424168252,0.03740494612755488,0.9299999999999999,0.0712401055408971,50000,1930.1873405258414,5.092842587139423,POST_HOC_DIAGNOSTIC
Netscience,forwarding-heavy,150,19.400516308235286,18.897877482981304,Alpha-Sort,19.078201220665413,2.5908528271519122,1.661373761651147,-0.9451820724523188,67.77447928140519,0.5403011677311049,0.32919605083335074,0.03740494612755488,0.9299999999999999,0.0712401055408971,50000,1884.2802018442515,4.971715572148421,POST_HOC_DIAGNOSTIC
Netscience,forwarding-heavy,200,25.253021182241117,24.844246499244075,IC-RIS,25.02583960241411,1.618715955002276,0.8996213886153562,-0.7256224208857969,67.36935806347675,1.160419154624251,0.32472188375827077,0.03740494612755488,0.9299999999999999,0.0712401055408971,50000,1874.4554879570555,4.945792844213867,POST_HOC_DIAGNOSTIC
